law_code	law_name	section	article_number	text
bimeh_ejbari	قانون بیمه اجباری خسارات واردشده به شخص ثالث در اثر حوادث ناشی از وسایل نقلیه	بخش نخست- کلیات	1	ماده 1- اصطلاحات به‌کار برده‌شده در این قانون، دارای معانی به شرح زیر است: الف- خسارت بدنی: هر نوع دیه یا ارش ناشی از هر نوع صدمه به بدن مانند شکستگی ، نقص و ازکارافتادگی عضو اعم از جزئی یا کلی- موقت یا دائم، دیه فوت و هزینه معالجه با رعایت ماده (35) این قانون به سبب حوادث مشمول بیمه موضوع این قانون ب- خسارت مالی: زیانهایی که به سبب حوادث مشمول بیمه موضوع این قانون به اموال شخص ثالث وارد شود. پ- حوادث: هرگونه سانحه‌ ناشی از وسایل نقلیه موضوع بند (ث) این ‌ماده و محمولات آنها از قبیل تصادم، تصادف، سقوط، واژگونی، آتش‌سوزی و یا انفجار یا هر نوع سانحه ناشی از وسایل نقلیه بر اثر حوادث غیرمترقبه ت- شخص ثالث: هر شخصی است که به سبب حوادث موضوع این قانون دچار خسارت بدنی و یا مالی شود به‌استثنای راننده مسبب حادثه ث- وسیله نقلیه: وسایل نقلیه موتوری زمینی و ریلی شهری و بین شهری و واگن متصل یا غیرمتصل به آن و یدک و کفی (تریلر) متصل به آنها ج- صندوق: صندوق تأمین خسارت‌های بدنی چ- بیمه مرکزی: بیمه مرکزی جمهوری اسلامی ایران ح- راهنمایی و رانندگی: پلیس راهنمایی و رانندگی نیروی انتظامی جمهوری اسلامی ایران
bimeh_ejbari	قانون بیمه اجباری خسارات واردشده به شخص ثالث در اثر حوادث ناشی از وسایل نقلیه	بخش نخست- کلیات	2	ماده 2- کلیه دارندگان وسایل نقلیه موضوع این قانون اعم از اینکه اشخاص حقیقی یا حقوقی باشند مکلفند وسایل نقلیه خود را در قبال خسارت بدنی و مالی که در اثر حوادث وسایل نقلیه مذکور به اشخاص ثالث وارد می‌شود حداقل به مقدار مندرج در ماده (8) این قانون نزد شرکت بیمه‌ای که مجوز فعالیت در این رشته را از بیمه مرکزی داشته باشد، بیمه کنند. تبصره1- دارنده از نظر این قانون اعم از مالک و یا متصرف وسیله نقلیه است و هر کدام که بیمه‌نامه موضوع این ماده را تحصیل کند تکلیف از دیگری ساقط می‌شود. تبصره2- مسؤولیت دارنده وسیله نقلیه در تحصیل بیمه‌نامه موضوع این قانون مانع از مسؤولیت شخصی که حادثه منسوب به فعل یا ترک فعل او است نمی‌باشد. در هر حال خسارت واردشده از محل بیمه‌نامه وسیله نقلیه مسبب حادثه پرداخت می‌گردد.
bimeh_ejbari	قانون بیمه اجباری خسارات واردشده به شخص ثالث در اثر حوادث ناشی از وسایل نقلیه	بخش نخست- کلیات	3	ماده 3- دارنده وسیله نقلیه مکلف است برای پوشش خسارت‌های بدنی واردشده به راننده مسبب حادثه، حداقل به میزان دیه مرد مسلمان در ماه غیرحرام، بیمه حوادث اخذ کند؛ مبنای محاسبه میزان خسارت قابل پرداخت به راننده مسبب حادثه، معادل دیه فوت یا دیه و یا ارش جرح در فرض ورود خسارت بدنی به مرد مسلمان در ماه غیرحرام و هزینه معالجه آن می‌باشد. سازمان پزشکی قانونی مکلف است با درخواست راننده مسبب حادثه یا شرکت بیمه مربوط، نوع و درصد صدمه بدنی واردشده را تعیین و اعلام کند. آیین‌نامه اجرائی و حق بیمه مربوط به این بیمه‌نامه به پیشنهاد بیمه مرکزی پس از تصویب شورای‌عالی بیمه به تصویب هیأت وزیران می‌رسد. آیین‌نامه اجرایی ماده (3) قانون بیمه اجباری خسارات وارد شده به شخص ثالث در اثر حوادث ناشی از وسایل نقلیه
bimeh_ejbari	قانون بیمه اجباری خسارات واردشده به شخص ثالث در اثر حوادث ناشی از وسایل نقلیه	بخش نخست- کلیات	4	ماده 4- در صورت وقوع حادثه و ایجاد خسارت بدنی یا مالی برای شخص ثالث: الف- در صورتی که وسیله نقلیه مسبب حادثه، دارای بیمه‌نامه موضوع این قانون باشد، جبران خسارت‌های واردشده در حدود مقررات این قانون بر عهده بیمه‌گر است. در صورت نیاز به طرح دعوی در خصوص مطالبه خسارت، زیان‌دیده یا قائم‌مقام وی دعوی را علیه بیمه‌گر و مسبب حادثه طرح می‌کند. این حکم، نافی مسؤولیت‌های کیفری راننده مسبب حادثه نیست. ب- در صورتی‌که وسیله نقلیه، فاقد بیمه‌نامه موضوع این قانون یا مشمول یکی از موارد مندرج در ماده (21) این قانون باشد، خسارت‌های بدنی وارده توسط صندوق با رعایت ماده (25) این قانون جبران می‌شود. در صورت نیاز به طرح دعوی در این خصوص، زیان‌دیده یا قائم‌مقام وی دعوی را علیه راننده مسبب حادثه و صندوق طرح می‌کند. پ (این بند در قسمت مربوط به واریز جزای نقدی به حساب درآمدهای اختصاصی به موجب تبصره یک ماده 118 قانون برنامه پنجساله ششم توسعه موقوف‌الاجراء اعلام شده است)- در صورتی‌که خودرو، فاقد بیمه‌نامه موضوع این قانون بوده و وسیله نقلیه با اذن مالک در اختیار راننده مسبب حادثه قرار گرفته باشد، در صورتی‌که مالک، شخص حقوقی باشد، به جزای نقدی معادل بیست‌درصد(20٪) و در صورتی‌که مالک شخص حقیقی باشد به جزای نقدی معادل ده‌درصد(10٪) مجموع خسارات بدنی واردشده محکوم می‌شود. مبلغ مذکور به حساب درآمدهای اختصاصی صندوق نزد خزانه‌داری کل کشور واریز می‌شود و با پیش‌بینی در بودجه‌های سالانه، صددرصد(100٪) آن به صندوق اختصاص می‌یابد.
bimeh_ejbari	قانون بیمه اجباری خسارات واردشده به شخص ثالث در اثر حوادث ناشی از وسایل نقلیه	بخش نخست- کلیات	5	ماده 5- شرکت سهامی بیمه ایران مکلف است طبق مقررات این قانون و آیین‌نامه‌های مربوط به آن، با دارندگان وسایل نقلیه موضوع این قانون قرارداد بیمه منعقد کند. سایر شرکتهای بیمه متقاضی فعالیت در رشته بیمه شخص ثالث می‌توانند پس از اخذ مجوز از بیمه مرکزی اقدام به فروش بیمه‌نامه شخص ثالث کنند. بیمه مرکزی موظف است براساس آیین‌نامه اجرائی که به پیشنهاد بیمه مرکزی و تأیید شورای ‌عالی بیمه به تصویب هیأت وزیران می‌رسد، برای شرکتهای متقاضی، مجوز فعالیت در رشته شخص ثالث صادر کند. در آیین‌نامه اجرائی موضوع این ماده مواردی از قبیل حداقل توانگری مالی شرکت بیمه، سابقه مناسب پرداخت خسارت، داشتن نیروی انسانی و ظرفیت‌های لازم برای صدور بیمه‌نامه و پرداخت خسارت باید مد نظر قرار گیرد. شرکتهایی که مجوز فعالیت در این رشته بیمه‌ای را از بیمه مرکزی دریافت می‌کنند، موظفند طبق مقررات این قانون و آیین‌نامه‌های مربوط به آن، با کلیه دارندگان وسایل نقلیه موضوع این قانون قرارداد بیمه منعقد کنند. ادامه فعالیت در رشته شخص ثالث برای شرکتهایی که در زمان تصویب این قانون در رشته بیمه شخص ثالث فعال هستند، منوط به اخذ مجوز از بیمه مرکزی ظرف مدت دوسال از تاریخ لازم‌الاجراء شدن این قانون می‌باشد. آیین نامه اجرایی ماده (5) قانون بیمه اجباری خسارات وارد شده به شخص ثالث در اثر حوادث ناشی از وسایل نقلیه
bimeh_ejbari	قانون بیمه اجباری خسارات واردشده به شخص ثالث در اثر حوادث ناشی از وسایل نقلیه	بخش نخست- کلیات	6	ماده 6- از تاریخ انتقال مالکیت وسیله نقلیه، کلیه حقوق و تعهدات ناشی از قرارداد بیمه موضوع این قانون به انتقال‌گیرنده منتقل می‌شود و انتقال‌گیرنده تا پایان مدت قرارداد بیمه، بیمه‌گذار محسوب می‌شود. تبصره- کلیه تخفیفاتی که به‌واسطه «نداشتن حوادث منجر به خسارت» در قرارداد بیمه موضوع این قانون اعمال شده باشد، متعلق به انتقال‌دهنده است. انتقال‌دهنده می‌تواند تخفیفات مذکور را به‌وسیله نقلیه دیگر از همان نوع، که متعلق به او یا متعلق به همسر، والدین یا اولاد بلاواسطه وی باشد، منتقل کند. آیین‌نامه اجرائی این تبصره به پیشنهاد بیمه مرکزی و تأیید شورای‌عالی بیمه به تصویب هیأت وزیران می‌رسد. آیین‌­نامه اجرایی تبصره ماده (6) قانون بیمه اجباری خسارات وارد شده به شخص ثالث در اثر حوادث ناشی از وسایل نقلیه
bimeh_ejbari	قانون بیمه اجباری خسارات واردشده به شخص ثالث در اثر حوادث ناشی از وسایل نقلیه	بخش نخست- کلیات	7	ماده 7- دارندگان وسیله نقلیه موتوری زمینی که از خارج وارد ایران می‌شوند در صورتی که خارج از کشور وسیله نقلیه خود را در مقابل خساراتی که بر اثر حوادث ناشی از آن به موجب بیمه‌نامه‌ای که از طرف بیمه مرکزی معتبر شناخته می‌شود بیمه نکرده باشند، مکلفند هنگام ورود به مرز ایران وسیله نقلیه خود را در قبال خسارت‌های بدنی و مالی که در اثر حوادث نقلیه مزبور یا محمولات آنها به اشخاص ثالث وارد می‌شود حداقل به میزان مندرج در ماده(8) این قانون بیمه کنند. همچنین دارندگان وسیله نقلیه ایرانی که از کشور خارج می‌شوند موظفند هنگام خروج با پرداخت حق بیمه مربوط، وسیله نقلیه خود را در مقابل خساراتی که بر اثر حوادث نقلیه مذکور در خارج از کشور به اشخاص ثالث ایرانی وارد شود حداقل به میزان مندرج در ماده (8) این قانون و نیز بیمه حوادث راننده موضوع ماده (3) این قانون بیمه کنند. در غیر این‌صورت از تردد وسایل مزبور توسط مراجع ذی‌ربط جلوگیری می‌شود.
bimeh_ejbari	قانون بیمه اجباری خسارات واردشده به شخص ثالث در اثر حوادث ناشی از وسایل نقلیه	بخش دوم- حقوق و تعهدات بیمه‌گر و بیمه‌گذار	8	ماده 8- حداقل مبلغ بیمه موضوع این قانون در
bimeh_ejbari	قانون بیمه اجباری خسارات واردشده به شخص ثالث در اثر حوادث ناشی از وسایل نقلیه	بخش خسارت ‌بدنی معادل حداقل ریالی دیه یک مرد مسلمان در ماههای حرام با رعایت تبصره ماده (9) این قانون است و در هر حال بیمه‌گذار موظف به اخذ الحاقیه نمی‌باشد. همچنین حداقل مبلغ بیمه‌ موضوع این قانون در بخش خسارت مالی معادل دو و نیم درصد (5/2٪) تعهدات بدنی است. بیمه‌گذار می‌تواند برای جبران خسارت‌های مالی بیش از حداقل مزبور، در زمان صدور بیمه‌نامه یا پس از آن، بیمه تکمیلی تحصیل کند.	9	ماده 9- بیمه‌گر ملزم به جبران خسارت‌های واردشده به اشخاص ثالث مطابق مقررات این قانون است. تبصره- در صورتی‌که در یک حادثه، مسؤول آن به پرداخت بیش از یک دیه به هر یک از زیان‌دیدگان محکوم شود، بیمه‌گر مکلف به پرداخت کل خسارات بدنی است، اعم از اینکه مبلغ مازاد بر دیه، کمتر از یک دیه کامل یا بیشتر از آن باشد.
bimeh_ejbari	قانون بیمه اجباری خسارات واردشده به شخص ثالث در اثر حوادث ناشی از وسایل نقلیه	بخش خسارت ‌بدنی معادل حداقل ریالی دیه یک مرد مسلمان در ماههای حرام با رعایت تبصره ماده (9) این قانون است و در هر حال بیمه‌گذار موظف به اخذ الحاقیه نمی‌باشد. همچنین حداقل مبلغ بیمه‌ موضوع این قانون در بخش خسارت مالی معادل دو و نیم درصد (5/2٪) تعهدات بدنی است. بیمه‌گذار می‌تواند برای جبران خسارت‌های مالی بیش از حداقل مزبور، در زمان صدور بیمه‌نامه یا پس از آن، بیمه تکمیلی تحصیل کند.	10	ماده 10- بیمه‌گر مکلف است در ایفاء تعهدات مندرج در این قانون خسارت وارده به زیان‌دیدگان را بدون لحاظ جنسیت و دین تا سقف تعهدات بیمه‌نامه پرداخت کند. مراجع قضائی موظفند در انشای حکم پرداخت دیه، مبلغ مازاد بر دیه موضوع این ماده را به ‌عنوان بیمه حوادث درج کنند.
bimeh_ejbari	قانون بیمه اجباری خسارات واردشده به شخص ثالث در اثر حوادث ناشی از وسایل نقلیه	بخش خسارت ‌بدنی معادل حداقل ریالی دیه یک مرد مسلمان در ماههای حرام با رعایت تبصره ماده (9) این قانون است و در هر حال بیمه‌گذار موظف به اخذ الحاقیه نمی‌باشد. همچنین حداقل مبلغ بیمه‌ موضوع این قانون در بخش خسارت مالی معادل دو و نیم درصد (5/2٪) تعهدات بدنی است. بیمه‌گذار می‌تواند برای جبران خسارت‌های مالی بیش از حداقل مزبور، در زمان صدور بیمه‌نامه یا پس از آن، بیمه تکمیلی تحصیل کند.	11	ماده 11- درج هرگونه شرط در بیمه‌نامه که برای بیمه‌گذار یا زیان‌دیده مزایای کمتر از مزایای مندرج در این قانون مقرر کند، یا درج شرط تعلیق تعهدات بیمه‌گر در قرارداد به هر نحوی، باطل و بلااثر است. بطلان شرط سبب بطلان بیمه‌نامه نمی‌شود. همچنین اخذ هرگونه رضایتنامه از زیان‌دیده توسط بیمه‌گر و صندوق مبنی بر رضایت به پرداخت خسارت کمتر از مزایای مندرج در این قانون ممنوع است و چنین رضایتنامه‌ای بلااثر است.
bimeh_ejbari	قانون بیمه اجباری خسارات واردشده به شخص ثالث در اثر حوادث ناشی از وسایل نقلیه	بخش خسارت ‌بدنی معادل حداقل ریالی دیه یک مرد مسلمان در ماههای حرام با رعایت تبصره ماده (9) این قانون است و در هر حال بیمه‌گذار موظف به اخذ الحاقیه نمی‌باشد. همچنین حداقل مبلغ بیمه‌ موضوع این قانون در بخش خسارت مالی معادل دو و نیم درصد (5/2٪) تعهدات بدنی است. بیمه‌گذار می‌تواند برای جبران خسارت‌های مالی بیش از حداقل مزبور، در زمان صدور بیمه‌نامه یا پس از آن، بیمه تکمیلی تحصیل کند.	12	ماده 12- تعهد ریالی بیمه‌گر در قبال زیان‌دیدگان داخل وسیله نقلیه مسبب حادثه، برابر حاصل‌ضرب ظرفیت مجاز وسیله نقلیه در سقف تعهدات بدنی بیمه‌نامه با رعایت تبصره ماده (9) و ماده (13) این قانون است. در مواردی که به علت عدم رعایت ظرفیت مجاز وسیله نقلیه، مجموع خسارات بدنی زیان‌دیدگان وسیله نقلیه مقصر حادثه بیش از سقف مذکور باشد مبلغ خسارت مورد تعهد بیمه‌گر به نسبت خسارت وارده به هر یک از زیان‌دیدگان بین آنان تسهیم می‌گردد و مابه‌التفاوت خسارت بدنی هر یک از زیان‌دیدگان توسط صندوق تأمین خسارت‌های بدنی وفق مقررات مربوط پرداخت و مطابق مقررات این قانون از مسبب حادثه بازیافت می‌شود. میزان ظرفیت مجاز وسایل نقلیه با توجه به نوع و کاربری آنها به موجب آیین‌نامه‌ای خواهد بود که توسط وزارت کشور با همکاری وزارتخانه‌های صنعت، معدن و تجارت و راه و شهرسازی و بیمه مرکزی تهیه می‌شود و به تصویب هیأت وزیران می‌رسد. در هر صورت تعداد جنین و اطفال زیر دوسال داخل وسیله نقلیه به ظرفیت مجاز خودرو اضافه می‌شود. آیین نامه اجرایی ماده (12) قانون بیمه اجباری خسارات وارد شده به شخص ثالث در اثر حوادث ناشی از وسایل نقلیه تبصره- تعهد ریالی بیمه‌گر در قبال زیان‌دیدگان خارج از وسیله نقلیه مسبب حادثه ده برابر سقف تعهدات بدنی بیمه‌نامه با رعایت تبصره ماده (9) و ماده (13) این قانون می‌باشد. در مواردی که مجموع خسارات بدنی زیان‌دیدگان خارج از وسیله نقلیه مسبب حادثه بیش از سقف مذکور باشد مبلغ خسارت مورد تعهد بیمه‌گر به نسبت خسارت واردشده به هر یک از زیان‌دیدگان بین آنان تسهیم می‌گردد و مابه‌التفاوت خسارت بدنی هر یک از زیان‌دیدگان توسط صندوق تأمین خسارت‌های بدنی وفق مقررات مربوط پرداخت می‌شود.
bimeh_ejbari	قانون بیمه اجباری خسارات واردشده به شخص ثالث در اثر حوادث ناشی از وسایل نقلیه	بخش خسارت ‌بدنی معادل حداقل ریالی دیه یک مرد مسلمان در ماههای حرام با رعایت تبصره ماده (9) این قانون است و در هر حال بیمه‌گذار موظف به اخذ الحاقیه نمی‌باشد. همچنین حداقل مبلغ بیمه‌ موضوع این قانون در بخش خسارت مالی معادل دو و نیم درصد (5/2٪) تعهدات بدنی است. بیمه‌گذار می‌تواند برای جبران خسارت‌های مالی بیش از حداقل مزبور، در زمان صدور بیمه‌نامه یا پس از آن، بیمه تکمیلی تحصیل کند.	13	ماده 13- بیمه‌گر یا صندوق حسب مورد مکلفند خسارت بدنی تعلق‌گرفته به شخص ثالث را به قیمت یوم‌الاداء و با رعایت این قانون و سایر قوانین و مقررات مربوط پرداخت کنند. بیمه‌گر، در صورتی‌که خسارت بدنی که به زیان‌دیده پرداخت نموده بیشتر از تعهد وی مندرج در ماده (8) این قانون باشد، می‌تواند نسبت به مازاد پرداختی، به صندوق رجوع یا در صورت موافقت صندوق در حسابهای فیمابین منظور کند مشروط بر اینکه افزایش مبلغ قابل پرداخت بابت دیه منتسب به تأخیر بیمه‌گر نباشد. تبصره- در صورتی‌که خسارت بدنی زیان‌دیده بیشتر از تعهد شرکت بیمه مندرج در ماده (8) این قانون باشد، شرکت بیمه مکلف است، بلافاصله مراتب مذکور و کلیه مستندات پرونده مربوط را از طریق سامانه الکترونیک موضوع ماده (55) به صندوق و بیمه مرکزی اطلاع دهد.
bimeh_ejbari	قانون بیمه اجباری خسارات واردشده به شخص ثالث در اثر حوادث ناشی از وسایل نقلیه	بخش خسارت ‌بدنی معادل حداقل ریالی دیه یک مرد مسلمان در ماههای حرام با رعایت تبصره ماده (9) این قانون است و در هر حال بیمه‌گذار موظف به اخذ الحاقیه نمی‌باشد. همچنین حداقل مبلغ بیمه‌ موضوع این قانون در بخش خسارت مالی معادل دو و نیم درصد (5/2٪) تعهدات بدنی است. بیمه‌گذار می‌تواند برای جبران خسارت‌های مالی بیش از حداقل مزبور، در زمان صدور بیمه‌نامه یا پس از آن، بیمه تکمیلی تحصیل کند.	14	ماده 14- در حوادث رانندگی منجر به جرح یا فوت که به استناد گزارش کارشناس تصادفات راهنمایی و رانندگی یا پلیس‌راه، ‏علت اصلی وقوع تصادف یکی از تخلفات رانندگی حادثه‌ساز باشد، بیمه‌گر مکلف است خسارت زیان‌دیده را بدون هیچ شرط و اخذ تضمین پرداخت کند و پس از آن می‌تواند به شرح زیر برای بازیافت به مسبب حادثه مراجعه کند: الف- در اولین حادثه ناشی از تخلف حادثه‌ساز راننده مسبب در طول مدت بیمه‌نامه: معادل دو و نیم درصد (5/2٪) از خسارت‌های بدنی و مالی پرداخت‌شده ب- در دومین حادثه ناشی از تخلف حادثه‌ساز راننده مسبب در طول مدت بیمه‌نامه: معادل پنج‌درصد(5٪) از خسارت‌های بدنی و مالی پرداخت‌شده پ- در سومین حادثه ناشی از تخلف حادثه‌ساز و حوادث بعد از آن در طول مدت بیمه‌نامه: معادل ده‌درصد(10٪) از خسارت‌های بدنی و مالی پرداخت‌شده تبصره- مصادیق و عناوین تخلفات رانندگی حادثه‌ساز به موجب ماده (7) قانون رسیدگی به تخلفات رانندگی مصوب 1389/12/8 تعیین می‌شود.
bimeh_ejbari	قانون بیمه اجباری خسارات واردشده به شخص ثالث در اثر حوادث ناشی از وسایل نقلیه	بخش خسارت ‌بدنی معادل حداقل ریالی دیه یک مرد مسلمان در ماههای حرام با رعایت تبصره ماده (9) این قانون است و در هر حال بیمه‌گذار موظف به اخذ الحاقیه نمی‌باشد. همچنین حداقل مبلغ بیمه‌ موضوع این قانون در بخش خسارت مالی معادل دو و نیم درصد (5/2٪) تعهدات بدنی است. بیمه‌گذار می‌تواند برای جبران خسارت‌های مالی بیش از حداقل مزبور، در زمان صدور بیمه‌نامه یا پس از آن، بیمه تکمیلی تحصیل کند.	15	ماده 15- در موارد زیر بیمه‌گر مکلف است بدون هیچ شرط و اخذ تضمین، خسارت زیان‌دیده را پرداخت کند و پس از آن می‌تواند به قائم‌مقامی زیان‌دیده از طریق مراجع قانونی برای بازیافت تمام یا بخشی از وجوه پرداخت‌شده به شخصی که موجب خسارت شده است مراجعه کند: الف- اثبات عمد مسبب در ایجاد حادثه نزد مراجع قضائی ب- رانندگی در حالت مستی یا استعمال مواد مخدر یا روانگردان مؤثر در وقوع حادثه که به تأیید نیروی انتظامی یا پزشکی قانونی یا دادگاه رسیده باشد. پ- در صورتی‌که راننده مسبب، فاقد گواهینامه رانندگی باشد یا گواهینامه او متناسب با نوع وسیله نقلیه نباشد. ت- در صورتی‌که راننده مسبب، وسیله نقلیه را سرقت کرده یا از مسروقه بودن آن، آگاه باشد. تبصره1- در صورت وجود اختلاف میان بیمه‌گر و مسبب حادثه، اثبات موارد فوق در مراجع قضائی صالح صورت خواهد گرفت. تبصره2- در مواردی که طبق این قانون بیمه‌گر حق رجوع به مسبب حادثه یا قائم‌مقام قانونی وی را دارد، اسناد پرداخت خسارت از سوی بیمه‌گر در حکم اسناد لازم‌الاجراء است و از طریق دوایر اجرای سازمان ثبت اسناد و املاک کشور قابل مطالبه و وصول می‌باشد. تبصره3- در صورتی‌که حادثه در حین آموزش رانندگی توسط مراکز مجاز یا آزمون اخذ گواهینامه رخ دهد، خسارت پرداخت‌شده به‌وسیله شرکت بیمه از آموزش‌گیرنده یا آزمون‌دهنده قابل بازیافت نخواهد بود و حسب مورد آموزش‌دهنده یا آزمون‌گیرنده، راننده محسوب می‌شود.
bimeh_ejbari	قانون بیمه اجباری خسارات واردشده به شخص ثالث در اثر حوادث ناشی از وسایل نقلیه	بخش خسارت ‌بدنی معادل حداقل ریالی دیه یک مرد مسلمان در ماههای حرام با رعایت تبصره ماده (9) این قانون است و در هر حال بیمه‌گذار موظف به اخذ الحاقیه نمی‌باشد. همچنین حداقل مبلغ بیمه‌ موضوع این قانون در بخش خسارت مالی معادل دو و نیم درصد (5/2٪) تعهدات بدنی است. بیمه‌گذار می‌تواند برای جبران خسارت‌های مالی بیش از حداقل مزبور، در زمان صدور بیمه‌نامه یا پس از آن، بیمه تکمیلی تحصیل کند.	16	ماده 16- چنانچه به حکم مرجع قضائی اثبات شود، عواملی نظیر نقص راه، نبودن یا نقص علائم رانندگی و نقص تجهیزات مربوط یا عیب ذاتی وسیله نقلیه، یا ایجاد مانع توسط دستگاههای اجرائی یا هر شخص حقیقی یا حقوقی دیگر در وقوع حادثه مؤثر بوده است، بیمه‌گر و صندوق پس از پرداخت خسارت زیان‌دیده می‌تواند برای بازیافت به نسبت درجه تقصیر که درصد آن در حکم دادگاه مشخص می‌شود به مسببان ذی‌ربط مراجعه کند. دستگاههای ذی‌ربط مجازند مسؤولیت ‌کارکنان خویش را در قبال مسؤولیت‌های موضوع این ماده از محل اعتبارات جاری و تملک دارایی‌های سرمایه‌ای تحت اختیار، بیمه کنند. تبصره- در صورتی‌که حسب نظریه افسران موضوع ماده (17) قانون رسیدگی به تخلفات رانندگی، نقص راه، وسیله نقلیه یا عامل انسانی مؤثر در بروز تصادف اعلام شود در صورت اعتراض ذی‌نفع، موضوع حسب مورد به کارشناس یا هیأت کارشناسان رسمی مستقل در امور مرتبط با موضوع از قبیل راه و مهندسی ترافیک، مکانیک و تصادفات با نظر دادگاه ارجاع می‌شود.
bimeh_ejbari	قانون بیمه اجباری خسارات واردشده به شخص ثالث در اثر حوادث ناشی از وسایل نقلیه	بخش خسارت ‌بدنی معادل حداقل ریالی دیه یک مرد مسلمان در ماههای حرام با رعایت تبصره ماده (9) این قانون است و در هر حال بیمه‌گذار موظف به اخذ الحاقیه نمی‌باشد. همچنین حداقل مبلغ بیمه‌ موضوع این قانون در بخش خسارت مالی معادل دو و نیم درصد (5/2٪) تعهدات بدنی است. بیمه‌گذار می‌تواند برای جبران خسارت‌های مالی بیش از حداقل مزبور، در زمان صدور بیمه‌نامه یا پس از آن، بیمه تکمیلی تحصیل کند.	17	ماده 17- موارد زیر از شمول بیمه موضوع این قانون خارج است: الف- خسارت وارده به وسیله نقلیه مسبب حادثه و محمولات آن ب- خسارت مستقیم و یا غیرمستقیم ناشی از تشعشعات اتمی و رادیواکتیو پ- جریمه یا جزای نقدی ت- اثبات قصد زیان‌دیده در ایراد صدمه به خود مانند خودکشی، اسقاط جنین و نظایر آن و نیز اثبات هر نوع خدعه و تبانی نزد مراجع قضائی تبصره- در صورتی که در موارد بندهای (الف) و (ب) اختلافی وجود داشته باشد، معترض می‌تواند به مرجع قضائی صالح رجوع کند.
bimeh_ejbari	قانون بیمه اجباری خسارات واردشده به شخص ثالث در اثر حوادث ناشی از وسایل نقلیه	بخش خسارت ‌بدنی معادل حداقل ریالی دیه یک مرد مسلمان در ماههای حرام با رعایت تبصره ماده (9) این قانون است و در هر حال بیمه‌گذار موظف به اخذ الحاقیه نمی‌باشد. همچنین حداقل مبلغ بیمه‌ موضوع این قانون در بخش خسارت مالی معادل دو و نیم درصد (5/2٪) تعهدات بدنی است. بیمه‌گذار می‌تواند برای جبران خسارت‌های مالی بیش از حداقل مزبور، در زمان صدور بیمه‌نامه یا پس از آن، بیمه تکمیلی تحصیل کند.	18	ماده 18- آیین‌نامه مربوط به تعیین سقف حق بیمه موضوع این قانون و نحوه تخفیف، افزایش یا تقسیط آن توسط بیمه مرکزی تهیه می‌شود و پس از تأیید شورای‌عالی بیمه به تصویب هیأت وزیران می‌رسد. (متن کامل آیین‌نامه ماده 18 را در انتهای این ماده بخوانید.) در آیین‌نامه مذکور باید عوامل زیر مدنظر قرار گیرد: الف- ویژگی‌های وسیله نقلیه از قبیل نوع کاربری، سال ساخت و وضعیت ایمنی آن ب- سوابق رانندگی و بیمه‌ای دارنده شامل نمرات منفی و تخلفات ثبت‌شده توسط نیروی انتظامی‌جمهوری اسلامی ایران موضوع قانون رسیدگی به تخلفات رانندگی، خسارت‌های پرداختی توسط بیمه‌گر یا صندوق، بابت حوادث منتسب به وی پ- رایج بودن استفاده از وسیله نقلیه برای اقشار متوسط و ضعیف شامل موتورسیکلت و خودروهای سواری ارزان‌قیمت در آیین‌نامه موضوع این ماده باید ملاحظات اجتماعی در تعیین حق بیمه وسایل نقلیه پرکاربرد اقشار متوسط و ضعیف جامعه مدنظر قرار گیرد. تبصره1- بیمه مرکزی موظف است با همکاری نیروی انتظامی‌جمهوری اسلامی ایران ترتیبی اتخاذ کند که حداکثر تا پایان برنامه پنجساله ششم توسعه، امکان صدور بیمه‌نامه شخص ثالث براساس ویژگی‌های «راننده» فراهم شود. تا آن زمان، سوابق رانندگی و بیمه‌ای شخصی که پلاک وسیله نقلیه به نام اوست و خسارت‌های پرداختی بابت حوادث منتسب به وی ملاک عمل است. تبصره2- در آیین‌نامه موضوع این ماده نحوه تخفیف یا افزایش در حق بیمه به‌صورت پلکانی و متناظر به تفکیک در مورد خسارات مالی و بدنی تعیین می‌شود. تبصره3- نرخنامه حق بیمه موضوع این قانون در ابتدای هر سال با رعایت آیین‌نامه مصوب هیأت وزیران به‌وسیله بیمه مرکزی محاسبه و پس از تأیید شورای‌عالی بیمه، ابلاغ می‌شود. در جلسات شورای‌عالی بیمه برای تعیین نرخنامه موضوع این تبصره دبیر کل اتحادیه(سندیکای) بیمه‌گران و دو نفر صاحب‌نظر به انتخاب اتحادیه(سندیکای) بیمه‌گران ایران با حق رأی شرکت می‌کنند. همچنین رئیس کل بیمه مرکزی در جلسات مذکور حق رأی دارد. تبصره4- شرکتهای بیمه می‌توانند تا دو و نیم درصد (2/5٪) کمتر از نرخهای مصوب شورای‌عالی بیمه را ملاک عمل خود قرار دهند. اعمال تخفیف بیشتر از دو و نیم‌درصد (2/5٪) توسط شرکتهای بیمه، منوط به کسب مجوز از بیمه مرکزی است. بیمه مرکزی در اعطای این مجوز باید توانگری مالی شرکت و شرایط عمومی بازار و حفظ رقابت‌پذیری شرکتهای بیمه را مدنظر قرار دهد. همچنین شرکتهای بیمه می‌توانند در صورت ارائه خدمات ویژه به مشتریان، با تأیید بیمه مرکزی تا دو و نیم درصد (2/5٪) بیش از قیمتهای تعیین‌شده توسط بیمه مرکزی، از بیمه‌گذار دریافت کنند. تبصره5- شرکتهای بیمه موظفند در چهارچوب ضوابط مربوط نسبت به اعطای تخفیف به رانندگانی که دوره‌های آموزشی رانندگی ایمن و کم‌خطر را سپری نموده و موفق به اخذ گواهینامه مربوط شده‌اند، اقدام کنند. آیین‌نامه مربوط به این تبصره به پیشنهاد بیمه مرکزی و نیروی انتظامی به تصویب هیأت وزیران می‌رسد. آیین نامه تبصره (5) ماده (18) قانون بیمه اجباری خسارات وارد شده به شخص ثالث در اثر حوادث ناشی از وسیله نقلیه آیین نامه اجرایی ماده (18) قانون بیمه اجباری خسارات وارد شده به شخص ثالث در اثر حوادث ناشی از وسایل نقلیه
bimeh_ejbari	قانون بیمه اجباری خسارات واردشده به شخص ثالث در اثر حوادث ناشی از وسایل نقلیه	بخش خسارت ‌بدنی معادل حداقل ریالی دیه یک مرد مسلمان در ماههای حرام با رعایت تبصره ماده (9) این قانون است و در هر حال بیمه‌گذار موظف به اخذ الحاقیه نمی‌باشد. همچنین حداقل مبلغ بیمه‌ موضوع این قانون در بخش خسارت مالی معادل دو و نیم درصد (5/2٪) تعهدات بدنی است. بیمه‌گذار می‌تواند برای جبران خسارت‌های مالی بیش از حداقل مزبور، در زمان صدور بیمه‌نامه یا پس از آن، بیمه تکمیلی تحصیل کند.	19	ماده 19- هرگونه قصور یا تقصیر بیمه‌گر یا نماینده‌ وی در صدور بیمه‌نامه‌ موضوع این قانون رافع مسؤولیت بیمه‌گر نیست.
bimeh_ejbari	قانون بیمه اجباری خسارات واردشده به شخص ثالث در اثر حوادث ناشی از وسایل نقلیه	بخش خسارت ‌بدنی معادل حداقل ریالی دیه یک مرد مسلمان در ماههای حرام با رعایت تبصره ماده (9) این قانون است و در هر حال بیمه‌گذار موظف به اخذ الحاقیه نمی‌باشد. همچنین حداقل مبلغ بیمه‌ موضوع این قانون در بخش خسارت مالی معادل دو و نیم درصد (5/2٪) تعهدات بدنی است. بیمه‌گذار می‌تواند برای جبران خسارت‌های مالی بیش از حداقل مزبور، در زمان صدور بیمه‌نامه یا پس از آن، بیمه تکمیلی تحصیل کند.	20	ماده 20- پوشش‌های بیمه موضوع این قانون محدود به قلمرو جمهوری اسلامی ایران است مگر آنکه در بیمه‌نامه به نحو دیگری توافق شده باشد.
bimeh_ejbari	قانون بیمه اجباری خسارات واردشده به شخص ثالث در اثر حوادث ناشی از وسایل نقلیه	بخش سوم- حقوق و تعهدات صندوق	21	ماده 21- به منظور حمایت از زیان‌دیدگان حوادث ناشی از وسایل نقلیه، خسارت‌های بدنی وارد به اشخاص ثالث که به علت فقدان یا انقضای بیمه‌نامه، بطلان قرارداد بیمه، شناخته‌نشدن وسیله نقلیه مسبب حادثه، کسری پوشش بیمه‌نامه ناشی از افزایش مبلغ ریالی دیه یا تعلیق یا لغو پروانه فعالیت شرکت بیمه یا صدور حکم توقف یا ورشکستگی بیمه‌گر موضوع ماده (22) این قانون، قابل پرداخت نباشد، یا به‌طور کلی خسارت‌های بدنی که خارج از تعهدات قانونی بیمه‌گر مطابق مقررات این قانون است به‌استثنای موارد مصرح در ماده (17)، توسط صندوق مستقلی به نام «صندوق تأمین خسارت‌های بدنی» جبران می‌شود. تبصره1- میزان تعهدات صندوق برای جبران خسارت‌های بدنی معادل مبلغ مقرر در ماده (8) با رعایت تبصره ماده (9) و مواد (10) و (13) این قانون است. تبصره2- تشخیص موارد خارج از تعهد بیمه‌گر مطابق مقررات این قانون، بر عهده شورای‌عالی بیمه است. تبصره3- صندوق مکلف است هر شش‌ماه یکبار گزارش عملکرد خود را به کمیسیون اقتصادی مجلس ارائه کند.
bimeh_ejbari	قانون بیمه اجباری خسارات واردشده به شخص ثالث در اثر حوادث ناشی از وسایل نقلیه	بخش سوم- حقوق و تعهدات صندوق	22	ماده 22- در صورت تعلیق یا لغو پروانه فعالیت شرکت بیمه در رشته بیمه شخص ثالث و ناتوانی آن از پرداخت خسارت به زیان‌دیدگان، به تشخیص بیمه مرکزی یا شورای‌عالی بیمه، یا صدور حکم توقف یا ورشکستگی آن به‌وسیله دادگاه صالح، صندوق، خسارات بدنی که به موجب صدور بیمه‌نامه‌های موضوع این قانون به عهده بیمه‌گر است را پرداخته، پس از آن به قائم‌مقامی زیان‌دیدگان به بیمه‌گر مراجعه می‌کند. تبصره1- دادگاه مکلف است نسبت به صدور حکم انتقال اموال و دارایی‌های بیمه‌گر مذکور تا میزان مبالغ پرداختی و خسارات وارده به صندوق اقدام کند. تبصره2- در صورت تعلیق یا لغو پروانه فعالیت شرکت بیمه، پرداخت خسارات مالی ‌که برعهده شرکت بیمه مذکور است مشمول ماده (44) قانون تأسیس بیمه مرکزی ایران و بیمه‌گری مصوب 1350/3/30 خواهد بود.
bimeh_ejbari	قانون بیمه اجباری خسارات واردشده به شخص ثالث در اثر حوادث ناشی از وسایل نقلیه	بخش سوم- حقوق و تعهدات صندوق	23	ماده 23- درصورتی‌که زیان‌دیده، جز در موارد بیمه اختیاری، تمام یا بخشی از خسارت بدنی واردشده را از مراجع دیگری مانند سازمان بیمه‌های اجتماعی یا سازمان بیمه کارمندان دولت یا صندوق‌های ویژه جبران خسارت دریافت کند، نسبت به همان میزان حق مراجعه به صندوق را ندارد. سازمان‌ها و صندوق‌های ویژه مذکور حق مراجعه به صندوق و استرداد خسارت پرداخت‌شده به اشخاص ثالث را ندارند و مکلفند اطلاعات مربوط را در اختیار صندوق قرار دهند. در هر حال در صورتی‌که زیان‌دیده علاوه بر دریافت خسارت از سازمان‌ها و صندوق‌های ویژه مذکور از صندوق نیز خسارتی دریافت کند، صندوق حق استرداد دارد.
bimeh_ejbari	قانون بیمه اجباری خسارات واردشده به شخص ثالث در اثر حوادث ناشی از وسایل نقلیه	بخش سوم- حقوق و تعهدات صندوق	24	ماده 24- منابع مالی صندوق به شرح زیر است: الف- هشت‌درصد(8٪) از حق بیمه اجباری موضوع این قانون بر مبنای نرخنامه مذکور در تبصره (3) ماده (18) این قانون ب- مبلغی معادل حداکثر یک‌سال حق بیمه اجباری که از دارندگان وسیله نقلیه‌ای که از انجام بیمه موضوع این قانون خودداری کنند وصول می‌شود. میزان مبلغ مذکور، نحوه وصول، تخفیف، تقسیط و بخشودگی آن به پیشنهاد بیمه مرکزی به تصویب مجمع عمومی‌صندوق می‌رسد. پ- مبالغ بازیافتی از مسببان حوادث، دارندگان وسایل نقلیه، بیمه‌گران و سایر اشخاصی که صندوق پس از جبران خسارت زیان‌دیدگان مطابق مقررات این قانون حسب مورد دریافت می‌کند. ت- درآمد حاصل از سرمایه‌گذاری وجوه صندوق با رعایت ماده (27) این قانون ث- بیست‌درصد(20٪) از جریمه‌های وصولی راهنمایی و رانندگی در کل کشور ج- بیست‌درصد(20٪) از کل هزینه‌های دادرسی و جزای نقدی وصولی توسط قوه قضائیه و تعزیرات حکومتی چ- جریمه‌های موضوع بند (پ) ماده (4)، ماده (44) و بند (ت) ماده (57) این قانون ح- کمکهای اعطائی ازسوی اشخاص حقیقی یا حقوقی تبصره1- مدیر صندوق و هیأت نظارت مکلفند هر سه‌ماه یکبار گزارش عملکرد بند (پ) را به اعضای مجمع عمومی صندوق اعلام ‌کنند. تبصره2- کلیه درآمدهای منابع موضوع بندهای (ث) و (ج) به محض تحقق به حساب درآمدهای اختصاصی صندوق نزد خزانه‌داری کل کشور واریز می‌شود و صددرصد (100٪) آن به صندوق اختصاص می‌یابد. تبصره3- در صورت کمبود منابع مالی صندوق، دولت موظف است در بودجه سنواتی سال بعد کسری منابع صندوق را تأمین کند. تبصره4- درآمدهای صندوق مشمول مالیات به نرخ صفر بوده و از هرگونه عوارض معاف است. همچنین صندوق از پرداخت هزینه‌های دادرسی و اوراق و حق‌الاجراء معاف می‌باشد. تبصره5- صندوق می‌تواند با تصویب مجمع عمومی مربوط، حداکثر تا دو درصد (2٪) از منابع مالی خود را جهت تعمیم امر بیمه، گسترش فرهنگ بیمه، ترغیب رانندگان فاقد بیمه‌نامه شخص ثالث به اخذ بیمه‌نامه و پیشگیری از زیانهای ناشی از حوادث رانندگی از طریق عقد قرارداد با وزارتخانه‌ها و دستگاههای اجرائی ذی‌ربط از قبیل سازمان صدا و سیما، وزارتخانه‌های آموزش و پرورش، علوم، تحقیقات و فناوری، فرهنگ و ارشاد اسلامی و ورزش و جوانان اختصاص دهد. تبصره6- در آرای غیابی برای بازیافت خسارات موضوع بند (پ) این ماده، صندوق می‌تواند بدون سپردن تأمین یا تضمین موضوع تبصره (2) ماده (306) قانون آیین دادرسی دادگاههای عمومی و انقلاب (در امور مدنی) مصوب 1379/1/21 نسبت به تقاضای اجرای احکام غیابی اقدام کند. تبصره7- دولت می‌تواند در بودجه‌های سنواتی بخشی از درآمدهای ناشی از فروش حاملهای انرژی را به صندوق اختصاص دهد. در صورت تصویب به تناسب سهم صندوق از محل فروش بیمه‌نامه موضوع بند (الف) این ماده کاهش پیدا می‌کند.
bimeh_ejbari	قانون بیمه اجباری خسارات واردشده به شخص ثالث در اثر حوادث ناشی از وسایل نقلیه	بخش سوم- حقوق و تعهدات صندوق	25	ماده 25- صندوق مکلف است بدون اخذ تضمین از زیان‌دیده یا مسبب زیان، خسارت زیان‌دیده را پرداخت نموده و پس از آن مکلف است به شرح زیر به قائم‌مقامی زیان‌دیده از طریق مراجع قانونی وجوه پرداخت‌شده را بازیافت کند: الف- در صورتی‌که پرداخت خسارت به سبب نداشتن، انقضاء یا بطلان بیمه‌نامه باشد به مسبب حادثه رجوع می‌کند. ب- در صورتی‌که پرداخت خسارت به سبب تعلیق یا لغو پروانه یا توقف یا ورشکستگی بیمه‌گر موضوع ماده (22) این قانون باشد به بیمه‌گر و مدیران آن رجوع می‌کند. پ- در صورتی‌که پرداخت خسارت به سبب شناخته‌نشدن وسیله نقلیه مسبب حادثه باشد، پس از شناخته شدن آن حسب مورد به مسبب حادثه یا بیمه‌گر وی رجوع می‌کند. ت- در صورتی‌که پرداخت خسارت به سبب خارج از ظرفیت بودن سرنشینان داخل وسیله نقلیه مسبب حادثه باشد به مسبب حادثه رجوع می‌کند. تبصره1- در موارد زیر صندوق نمی‌تواند برای بازیافت به مسبب حادثه رجوع کند: 1- در موارد جبران کسری پوشش بیمه‌نامه ناشی از افزایش مبلغ ریالی دیه (پرداخت خسارت به استناد ماده (13) این قانون) 2- تعلیق یا لغو پروانه فعالیت شرکت بیمه یا صدور حکم توقف یا ورشکستگی بیمه‌گر موضوع ماده (22) این قانون 3- در مواردی که زیان‌دیدگان خارج از وسیله نقلیه بیش از سقف تعهدات بیمه‌گر موضوع تبصره ماده (12) این قانون باشند. 4- در مواردی که صندوق به موجب قانون معادل دیه مرد مسلمان را به زیان‌دیده یا قائم‌مقام قانونی وی پرداخت می‌کند برای بازپرداخت مابه‌التفاوت دیه شرعی با دیه مرد مسلمان تبصره2- صندوق مجاز است با درنظرگرفتن شرایط و وضعیت وقوع حادثه، علت نداشتن بیمه‌نامه، سوابق بیمه‌ای مسبب حادثه، وضعیت مالی و معیشتی مسبب حادثه و سایر اوضاع و احوال مؤثر در وقوع حادثه نسبت به تقسیط یا تخفیف در بازیافت خسارت از مسبب حادثه اقدام کند. نحوه بازیافت از مسبب حادثه با رعایت مقررات راجع به نحوه اجرای محکومیت‌های مالی و میزان بازیافت مطابق آیین‌نامه‌ای است که بنا به پیشنهاد هیأت نظارت صندوق و مجمع عمومی صندوق به تصویب وزیر امور اقتصادی و دارایی می‌رسد.
bimeh_ejbari	قانون بیمه اجباری خسارات واردشده به شخص ثالث در اثر حوادث ناشی از وسایل نقلیه	بخش سوم- حقوق و تعهدات صندوق	26	ماده 26- اسناد مربوط به مطالبات و پرداخت‌های خسارت صندوق در حکم اسناد لازم‌الاجراء است و از طریق دوایر اجرای سازمان ثبت اسناد و املاک قابل مطالبه و وصول می‌باشد.
bimeh_ejbari	قانون بیمه اجباری خسارات واردشده به شخص ثالث در اثر حوادث ناشی از وسایل نقلیه	بخش سوم- حقوق و تعهدات صندوق	27	ماده 27- صندوق مجاز است موجودی نقدی مازاد خود را نزد بانکهای دولتی سپرده‌گذاری و یا اوراق بهادار بدون خطر (ریسک) خریداری کند مشروط بر آنکه سرمایه‌گذاری‌های مذکور به نحوی برنامه‌ریزی شود که همواره امکان انجام تعهدات صندوق وجود داشته باشد.
bimeh_ejbari	قانون بیمه اجباری خسارات واردشده به شخص ثالث در اثر حوادث ناشی از وسایل نقلیه	بخش سوم- حقوق و تعهدات صندوق	28	ماده 28- صندوق، نهاد عمومی غیردولتی است و چگونگی اداره آن براساس اساسنامه‌ای است که با رعایت موارد زیر و به پیشنهاد وزیر امور اقتصادی و دارایی تهیه می‌شود و ظرف مهلت شش‌ماه پس از لازم‌الاجراء شدن این قانون به تصویب هیأت وزیران می‌رسد: الف- ارکان صندوق عبارتند از: مجمع عمومی، هیأت نظارت، مدیر صندوق و حسابرس ب- اعضای مجمع عمومی‌صندوق عبارت از وزرای امور اقتصادی و دارایی به عنوان رئیس مجمع، تعاون، کار و رفاه اجتماعی، دادگستری و صنعت، معدن و تجارت، دادستان کل کشور (بدون حق رأی) و رئیس کل بیمه مرکزی است. مجمع عمومی‌صندوق حداقل یک‌بار در سال تشکیل می‌شود. مجمع عمومی‌عادی به‌طور فوق‌العاده نیز به تقاضای هر یک از اعضاء به دعوت رئیس مجمع تشکیل می‌شود. یکی از نمایندگان عضو کمیسیون اقتصادی مجلس شورای اسلامی، به پیشنهاد کمیسیون مذکور و تصویب مجلس شورای اسلامی به‌عنوان عضو ناظر و بدون حق رأی در جلسات مجمع شرکت می‌کند. مدیر صندوق بدون حق رأی دبیر مجمع عمومی است. پ- اعضای هیأت نظارت صندوق عبارت از نمایندگان وزرای امور اقتصادی و دارایی، تعاون، کار و رفاه اجتماعی و دادگستری، دادستان کل کشور(بدون حق‌رأی)، بیمه مرکزی و اتحادیه(سندیکای) بیمه‌گران ایران است. اعضای هیأت نظارت غیر از مدیر صندوق به‌صورت غیرموظف خواهند بود؛ تبصره- نماینده وزیر امور اقتصادی و دارایی در هیأت نظارت، مدیر صندوق است که دبیر هیأت نظارت نیز خواهد بود. مدیرعامل ستاد مردمی رسیدگی به امور دیه و کمک به زندانیان نیازمند بدون حق‌رأی در جلسات هیأت نظارت شرکت می‌کند. ت- مدیر صندوق به پیشنهاد رئیس کل بیمه مرکزی و تصویب مجمع عمومی انتخاب و با حکم رئیس مجمع عمومی برای مدت چهار سال منصوب می‌شود. انتخاب مجدد مدیر صندوق برای یک دوره بلامانع است. مجمع عمومی می‌تواند نسبت به عزل مدیر صندوق قبل از پایان مدت مذکور اتخاذ تصمیم کند. ث- مرکز اصلی صندوق، تهران است. در صورت لزوم با تصویب مجمع عمومی می‌تواند در مراکز استان‌ها شعبه ایجاد یا نمایندگی اعطاء کند. اقامه دعوی علیه صندوق در محل استقرار شعب صندوق نیز ممکن است. وظایف و اختیارات مجمع عمومی، هیأت نظارت و مدیر صندوق و نیز نحوه انتخاب و وظایف و اختیارات حسابرس به موجب اساسنامه مصوب هیأت وزیران تعیین می‌شود.
bimeh_ejbari	قانون بیمه اجباری خسارات واردشده به شخص ثالث در اثر حوادث ناشی از وسایل نقلیه	بخش سوم- حقوق و تعهدات صندوق	29	ماده 29- کلیه اختلافات بین صندوق و شرکتهای بیمه که ممکن است در اجرای این قانون به‌وجود آید به‌وسیله هیأتی مرکب از دو نفر حقوقدان آشنا با حقوق بیمه به انتخاب وزیر دادگستری و سه متخصص بیمه به انتخاب بیمه مرکزی، صندوق و اتحادیه (سندیکای) بیمه‌گران هر کدام یک نفر حل و فصل می‌شود. ملاک تصمیم‌گیری، رأی اکثریت اعضای هیأت است و رأی صادرشده لازم‌الاجراء می‌باشد. هریک از طرفین می‌تواند ظرف مدت بیست روز از ابلاغ رأی در مرجع قضائی ذی‌صلاح اقامه دعوی کند.
bimeh_ejbari	قانون بیمه اجباری خسارات واردشده به شخص ثالث در اثر حوادث ناشی از وسایل نقلیه	بخش سوم- حقوق و تعهدات صندوق	30	ماده 30- اشخاص ثالث زیان‌دیده حق دارند با ارائه مدارک لازم برای دریافت خسارت به‌طور مستقیم حسب مورد به شرکت بیمه مربوط و یا صندوق تأمین خسارت‌های بدنی مراجعه کنند. همچنین مسبب حادثه می‌تواند با ارائه مدارک لازم جهت تشکیل پرونده پرداخت خسارت به زیان‌دیده حسب مورد به بیمه‌گر یا صندوق مراجعه کند. آیین‌نامه اجرائی این ماده توسط بیمه مرکزی تهیه می‌شود و به پیشنهاد وزیر امور اقتصادی و دارایی ظرف مدت سه‌ماه از تاریخ ابلاغ این قانون به تصویب هیأت وزیران می‌رسد. آیین نامه اجرایی ماده (30) قانون بیمه اجباری خسارات وارد شده به شخص ثالث در اثر حوادث ناشی از وسایل نقلیه
bimeh_ejbari	قانون بیمه اجباری خسارات واردشده به شخص ثالث در اثر حوادث ناشی از وسایل نقلیه	بخش چهارم- پرداخت خسارت	31	ماده 31- بیمه‌گر و صندوق حسب مورد مکلفند حداکثر پانزده روز پس از دریافت مدارک مورد نیاز، خسارت متعلقه را پرداخت کنند.
bimeh_ejbari	قانون بیمه اجباری خسارات واردشده به شخص ثالث در اثر حوادث ناشی از وسایل نقلیه	بخش چهارم- پرداخت خسارت	32	ماده 32- در حوادث منجر به خسارت بدنی، زیان‌دیده، اولیای دم یا وراث قانونی موظفند پس از قطعی‌شدن مبلغ خسارت برای تکمیل مدارک به منظور دریافت خسارت، به بیمه‌گر مراجعه کنند. بیمه‌گر مکلف است حداکثر ظرف مدت بیست روز از تاریخ قطعی‌شدن مبلغ خسارت،‌ مبلغ خسارت را به زیان‌دیده پرداخت و در صورت عدم مراجعه وی در مهلت مذکور نزد صندوق تودیع و قبض واریز را به مرجع قضائی مربوط تحویل دهد. در این‌صورت تعهد بیمه‌گر و مسبب حادثه، ایفاءشده تلقی می‌شود. صندوق مکلف است بلافاصله پس از درخواست زیان‌دیده مبلغ مذکور را عیناً به وی پرداخت نماید. تبصره1- در مواردی که صندوق مطابق مقررات این قانون رأساً مکلف به پرداخت خسارت بدنی است، پس از قطعی‌شدن مبلغ خسارت چنانچه زیان‌دیده یا قائم‌مقام وی، تا بیست روز پس از ابلاغ اظهارنامه رسمی به وی برای دریافت خسارت به صندوق مراجعه نکند، مبلغ مذکور به‌عنوان امانت نزد صندوق باقی مانده و در زمان مراجعه زیان‌دیده یا قائم‌مقام قانونی وی عیناً پرداخت می‌شود. تبصره2- در مواردی که رأی صادرشده از دادگاه بدوی، صرفاً از جنبه عمومی مورد تجدیدنظرخواهی قرارگرفته باشد، زیان‌دیده یا وراث قانونی و بیمه‌گر یا صندوق باید طبق مفاد این ماده اقدام کنند. تبصره3- ملاک قطعی‌شدن میزان خسارت موضوع این ماده، قطعیت حکم دادگاه است.
bimeh_ejbari	قانون بیمه اجباری خسارات واردشده به شخص ثالث در اثر حوادث ناشی از وسایل نقلیه	بخش چهارم- پرداخت خسارت	33	ماده 33- چنانچه بیمه‌گر یا صندوق به رغم کامل بودن مدارک، تکلیف مقرر در ماده (31) این قانون را انجام ندهند و در پرداخت خسارت تأخیر کنند و یا بیمه‌گر تکلیف مقرر در ماده (32) این قانون را انجام ندهد، به پرداخت جریمه‌ای معادل نیم در هزار به‌ازای هر روز تأخیر در حق زیان‌دیده یا قائم‌مقام وی محکوم می‌شود.
bimeh_ejbari	قانون بیمه اجباری خسارات واردشده به شخص ثالث در اثر حوادث ناشی از وسایل نقلیه	بخش چهارم- پرداخت خسارت	34	ماده 34- در حوادث رانندگی منجر به خسارت بدنی غیر از فوت، در صورت مطالبه زیان‌دیده، پس از دریافت گزارش کارشناس راهنمایی و رانندگی و یا پلیس‌راه و یا کمیسیون جلوگیری از سوانح راه آهن موضوع تبصره (2) ماده (2) قانون دسترسی آزاد به شبکه حمل و نقل ریلی مصوب 6/7/1384 (در خصوص حوادث مربوط به قطارهای شهری و بین شهری) و پزشکی قانونی، بیمه‌گر وسیله نقلیه مسبب حادثه و یا صندوق، حسب مورد مکلفند بلافاصله حداقل پنجاه‌درصد(50٪) از دیه تقریبی را به اشخاص ثالث زیان‌دیده پرداخت ‌کرده و باقی‌مانده آن‌را پس از معین‌شدن میزان قطعی دیه با رعایت مواد (31) و (32) این قانون بپردازند.
bimeh_ejbari	قانون بیمه اجباری خسارات واردشده به شخص ثالث در اثر حوادث ناشی از وسایل نقلیه	بخش چهارم- پرداخت خسارت	35	ماده 35- هزینه‌های معالجه اشخاص ثالث زیان‌دیده و راننده مسبب حادثه در صورتی‌که مشمول قانون دیگری نباشد، با لحاظ ماده (30) قانون تنظیم بخشی از مقررات مالی دولت (2) حسب مورد برعهده بیمه‌گر مربوط یا صندوق است.
bimeh_ejbari	قانون بیمه اجباری خسارات واردشده به شخص ثالث در اثر حوادث ناشی از وسایل نقلیه	بخش چهارم- پرداخت خسارت	36	ماده 36- در حوادث منجر به فوت، در صورت مطالبه اولیای دم یا قائم‌مقام متوفی یا درخواست مسبب حادثه بدون نیاز به رأی مراجع قضائی، پس از دریافت گزارش کارشناس راهنمایی و رانندگی، کمیسیون جلوگیری از سوانح راه‌آهن موضوع تبصره (2) ماده (2) قانون دسترسی آزاد به شبکه حمل و نقل ریلی (در خصوص حوادث مربوط به قطارهای شهری و بین شهری) یا پلیس‌راه و در صورت لزوم گزارش سایر مقامات انتظامی و پزشکی قانونی بیمه‌گر وسیله نقلیه مسبب حادثه و یا صندوق حسب مورد می‌توانند خسارت بدنی را به ورثه قانونی متوفی با رعایت ماده (31) این قانون بپردازند. در صورت عدم مطالبه نیز، بیمه‌گر می‌تواند بدون نیاز به رأی مرجع قضائی خسارت بدنی را مطابق ماده (32) این قانون به صندوق تودیع کند. تبصره- چنانچه علی‌رغم وجود گزارش کارشناس راهنمایی و رانندگی و یا پلیس‌راه و یا کمیسیون جلوگیری از سوانح راه‌آهن (موضوع تبصره (2) ماده (2) قانون دسترسی آزاد به شبکه حمل و نقل ریلی) و نظر نهائی پزشکی قانونی، شرکت بیمه پرداخت خسارات بدنی را موکول به رأی دادگاه کند، پس از صدور رأی مکلف به پرداخت خسارات بدنی به قیمت یوم‌الاداء بوده و نمی‌تواند بابت مابه‌التفاوت خسارت پرداختی و میزان تعهد وی (موضوع ماده (13) این قانون) به صندوق رجوع کند.
bimeh_ejbari	قانون بیمه اجباری خسارات واردشده به شخص ثالث در اثر حوادث ناشی از وسایل نقلیه	بخش چهارم- پرداخت خسارت	37	ماده 37- بیمه‌گر، صندوق یا مسبب حادثه به میزان درصد دیه‌ای که به زیان‌دیده پرداخت شده یا مطابق ماده (32) این قانون و تبصره آن به صندوق تودیع شده است، بریءالذمه هستند.
bimeh_ejbari	قانون بیمه اجباری خسارات واردشده به شخص ثالث در اثر حوادث ناشی از وسایل نقلیه	بخش چهارم- پرداخت خسارت	38	ماده 38- هرگاه پس از اینکه بیمه‌گر یا صندوق به موجب این قانون خسارتی را پرداخت کند و به موجب حکم قطعی، برای پرداخت تمام یا بخشی از خسارت مسؤول شناخته نشوند، بیمه‌گر یا صندوق می‌تواند به همان میزان به محکومٌ‌علیه حکم قطعی، رجوع کند.
bimeh_ejbari	قانون بیمه اجباری خسارات واردشده به شخص ثالث در اثر حوادث ناشی از وسایل نقلیه	بخش چهارم- پرداخت خسارت	39	ماده 39- در حوادث رانندگی منجر به خسارت مالی، پرداخت خسارت به‌صورت نقدی و با توافق زیان‌دیده و شرکت بیمه مربوط صورت می‌گیرد. در صورت عدم توافق طرفین در خصوص میزان خسارت قابل پرداخت، شرکت بیمه موظف است در صورت تقاضای زیان‌دیده، وسیله نقلیه خسارت‌دیده را در تعمیرگاه مجاز و یا تعمیرگاهی که مورد قبول زیان‌دیده باشد تعمیر نموده و هزینه‌های تعمیر را تا سقف تعهدات مالی مندرج در بیمه‌نامه مذکور پرداخت کند. تبصره- در صورتی‌که اختلاف از طریق مذکور حل و فصل نشود، موضوع به یک ارزیاب خسارت (دارای مجوز ارزیابی خسارت از بیمه مرکزی) به انتخاب و هزینه زیان‌دیده ارجاع می‌شود. هریک از طرفین ظرف مدت بیست روز از تاریخ اعلام نظر کتبی ارزیاب می‌توانند در مرجع صالح، اقامه دعوی کنند. در صورت عدم طرح دعوی توسط طرفین در مهلت مقرر نظر ارزیاب خسارت، قطعی و لازم‌الاجراء است. هزینه ارزیابی خسارت براساس تعرفه‌ای است که در ابتدای هر سال توسط بیمه مرکزی پیشنهاد و به تصویب شورای‌عالی بیمه می‌رسد. بیمه مرکزی موظف است در صدور مجوز ارزیابی خسارت به‌گونه‌ای عمل کند که در تمام شهرستان‌ها متناسب با نیاز آن شهرستان، ارزیاب خسارت وجود داشته باشد.
bimeh_ejbari	قانون بیمه اجباری خسارات واردشده به شخص ثالث در اثر حوادث ناشی از وسایل نقلیه	بخش چهارم- پرداخت خسارت	40	ماده 40- شرکتهای بیمه مکلفند خسارت مالی ناشی از حوادث رانندگی موضوع این قانون را در مواردی که وسایل نقلیه مسبب و زیان‌دیده در زمان حادثه دارای بیمه‌نامه معتبر بوده و بین طرفین حادثه اختلافی وجود نداشته باشد، حداکثر تا سقف تعهدات مالی مندرج در ماده (8) این قانون بدون اخذ گزارش مقامات انتظامی پرداخت کنند.
bimeh_ejbari	قانون بیمه اجباری خسارات واردشده به شخص ثالث در اثر حوادث ناشی از وسایل نقلیه	بخش پنجم- تکالیف سایر نهادها و دستگاه های مرتبط	41	ماده 41- به منظور ساماندهی امور مربوط به حوادث رانندگی، دولت مکلف است «سامانه جامع حوادث رانندگی» را مطابق مقررات این قانون با مشارکت همه دستگاههای ذی‌ربط ایجاد و نسبت به روزآمد کردن و تحلیل مستمر داده‌های آن اقدام کند. نیروی انتظامی، وزارت بهداشت، درمان و آموزش پزشکی (مراکز فوریت‌های پزشکی (اورژانس) و بیمارستان‌ها)، سازمان پزشکی قانونی و جمعیت هلال احمر جمهوری اسلامی ایران موظفند اطلاعات مربوط به سوانح رانندگی را فوراً در سامانه مذکور ثبت کنند. قوه قضائیه نیز مکلف است اطلاعات مربوط به آرای قضائی راجع به حوادث رانندگی را در سامانه مذکور قرار دهد. دولت موظف است حداکثر ظرف مدت شش‌ماه پس از لازم‌الاجراء شدن این قانون، سامانه مزبور را راه‌اندازی و دسترسی برخط (آنلاین) به آن را برای کلیه واحدهای نیروی انتظامی و وزارت بهداشت، درمان و آموزش پزشکی، شرکتهای بیمه، صندوق و واحدهای قضائی فراهم کند. تبصره- نیروی انتظامی جمهوری اسلامی ایران موظف است همزمان با تعویض پلاک وسیله نقلیه، مشخصات مالک جدید را در «سامانه جامع حوادث رانندگی» درج کند. همچنین سازمان ثبت اسناد و املاک کشور نیز مکلف است اسناد تنظیم‌شده در خصوص وسایل نقلیه مانند نقل و انتقال، وکالت و رهن را در سامانه مذکور درج کند.
bimeh_ejbari	قانون بیمه اجباری خسارات واردشده به شخص ثالث در اثر حوادث ناشی از وسایل نقلیه	بخش پنجم- تکالیف سایر نهادها و دستگاه های مرتبط	42	ماده 42- حرکت وسایل نقلیه موتوری زمینی بدون داشتن بیمه‌نامه موضوع این قانون ممنوع است. کلیه دارندگان وسایل مزبور مکلفند سند حاکی از انعقاد قرارداد بیمه را هنگام رانندگی همراه داشته باشند و در صورت درخواست مأموران راهنمایی و رانندگی و یا پلیس‌راه ارائه کنند. مأموران راهنمایی و رانندگی و پلیس راه موظفند از طرق مقتضی مانند دوربین‌های نظارت ترافیکی ضمن شناسایی وسایل نقلیه فاقد بیمه‌نامه نسبت به اعمال جریمه‌های مربوط اقدام کنند. همچنین مأموران راهنمایی و رانندگی و پلیس راه موظفند در صورت احراز فقدان بیمه‌نامه، وسایل نقلیه فاقد بیمه‌نامه موضوع این قانون را تا هنگام ارائه بیمه‌نامه مربوط در محل مطمئنی متوقف کنند. آیین‌نامه مربوط به نحوه توقیف وسایل نقلیه فاقد بیمه‌نامه شخص ثالث ظرف مدت سه‌ماه پس از تصویب این قانون توسط وزارت کشور با همکاری وزارتخانه‌های راه و شهرسازی و دادگستری و بیمه مرکزی تهیه‌ می‌شود و به تصویب هیأت وزیران می‌رسد. تبصره- نیروی انتظامی مکلف است هر شش‌ماه یک‌بار گزارش اجرای این ماده را به دادستانی کل کشور، بیمه مرکزی و کمیسیون‌های قضائی و حقوقی، اقتصادی، اجتماعی و امنیت ملی و سیاست خارجی مجلس شورای اسلامی ارسال کند. آیین ‌­نامه اجرایی ماده (42) قانون بیمه اجباری خسارات وارد شده به شخص ثالث در اثر حوادث ناشی از وسایل نقلیه
bimeh_ejbari	قانون بیمه اجباری خسارات واردشده به شخص ثالث در اثر حوادث ناشی از وسایل نقلیه	بخش پنجم- تکالیف سایر نهادها و دستگاه های مرتبط	43	ماده 43- بیمه مرکزی و شرکتهای بیمه موظفند ترتیبی اتخاذ کنند که با استفاده از ابزار مناسب، امکان شناسایی وسایل نقلیه فاقد بیمه‌نامه موضوع این قانون برای پلیس راهنمایی و رانندگی و یا پلیس‌راه فراهم شود.
bimeh_ejbari	قانون بیمه اجباری خسارات واردشده به شخص ثالث در اثر حوادث ناشی از وسایل نقلیه	بخش پنجم- تکالیف سایر نهادها و دستگاه های مرتبط	44	ماده 44- دادن بار یا مسافر و یا ارائه هرگونه خدمات به دارندگان وسایل نقلیه موتوری زمینی فاقد بیمه‌نامه شخص ثالث معتبر، از سوی شرکتها و م‍ؤسسات حمل و نقل بار و مسافر درون‌شهری و برون‌شهری ممنوع است. نظارت بر حسن اجرای این ماده برعهده وزارتخانه‌های کشور و راه وشهرسازی می‌باشد تا حسب مورد، شرکتها و مؤسسات متخلف را به مراجع مذکور در تبصره (1) ماده(31) قانون رسیدگی به تخلفات رانندگی معرفی نمایند. در صورت احراز تخلف شرکتها و مؤسسات مذکور توسط مراجع یادشده، پروانه فعالیت آنان از یک‌ماه تا یک‌سال معلق و در صورت تکرار تخلف یادشده برای بار چهارم به‌صورت دائم لغو می‌شود. بیمه مرکزی جمهوری اسلامی ایران موظف است امکان احراز اصالت بیمه‌نامه از طریق سامانه‌های الکترونیکی را به‌صورت برخط برای وزارتخانه‌های راه و شهرسازی و کشور فراهم کند. تبصره- اعتراض به هرنوع تصمیمات مراجع دولتی موضوع تبصره (1) ماده(31) قانون رسیدگی به تخلفات‌رانندگی در دیوان عدالت‌اداری رسیدگی می‌شود.
bimeh_ejbari	قانون بیمه اجباری خسارات واردشده به شخص ثالث در اثر حوادث ناشی از وسایل نقلیه	بخش پنجم- تکالیف سایر نهادها و دستگاه های مرتبط	45	ماده 45- ارائه هرگونه خدمات به وسایل نقلیه فاقد بیمه‌نامه و رفع توقیف از آنها، توسط راهنمایی و رانندگی، دفاتر اسناد رسمی و سازمان‌ها و نهادهای مرتبط با امر حمل و نقل از قبیل تعویض پلاک وسیله نقلیه، تنظیم اسناد رسمی معاملات وسایل مذکور ممنوع می‌باشد. عدم اجرای تکالیف فوق، حسب مورد تخلف اداری یا انتظامی محسوب می‌شود. تبصره- انتقال وسایل نقلیه اسقاطی به مراجع و نهادهای ذی‌ربط و نیز انتقال وسایل نقلیه مشمول خسارت بیمه بدنه به بیمه‌گر مربوط، از حکم این ماده مستثنی است.
bimeh_ejbari	قانون بیمه اجباری خسارات واردشده به شخص ثالث در اثر حوادث ناشی از وسایل نقلیه	بخش پنجم- تکالیف سایر نهادها و دستگاه های مرتبط	46	ماده 46- عقد هرگونه قرارداد حمل و نقل بار یا مسافر از سوی دستگاههای اجرائی و مؤسسات دولتی و نهادهای عمومی غیردولتی و مراکز آموزشی و کلیه اشخاص حقوقی در مواردی که به‌موجب قوانین و مقررات مربوطه مجاز می‌باشد با دارندگان وسایل نقلیه موتوری زمینی فاقد بیمه‌نامه شخص ثالث معتبر، ممنوع است. عدم اجرای تکلیف فوق، حسب مورد تخلف اداری یا انتظامی محسوب می‌شود.
bimeh_ejbari	قانون بیمه اجباری خسارات واردشده به شخص ثالث در اثر حوادث ناشی از وسایل نقلیه	بخش پنجم- تکالیف سایر نهادها و دستگاه های مرتبط	47	ماده 47- نیروی انتظامی مکلف است ظرف مدت یک‌سال از تاریخ لازم‌الاجراء شدن این قانون، کلیه واحدهای ثابت و سیار راهنمایی و رانندگی و پلیس‌راه را به ابزار لازم برای استعلام برخط وضعیت بیمه شخص ثالث وسایل نقلیه، تجهیز و سامانه مورد نیاز را طراحی یا تکمیل کند.
bimeh_ejbari	قانون بیمه اجباری خسارات واردشده به شخص ثالث در اثر حوادث ناشی از وسایل نقلیه	بخش پنجم- تکالیف سایر نهادها و دستگاه های مرتبط	48	ماده 48- ستاد مدیریت حمل و نقل و سوخت مکلف است از صدور هرگونه کارت سوخت و تخصیص اولیه سهمیه یا ادامه آن برای وسایل نقلیه فاقد بیمه‌نامه خودداری کند. تبصره- بیمه مرکزی و نیروی انتظامی جمهوری اسلامی ایران مکلفند اطلاعات مربوط به وسایل نقلیه مذکور را به‌صورت برخط در اختیار ستاد مدیریت حمل و نقل و سوخت قرار دهند.
bimeh_ejbari	قانون بیمه اجباری خسارات واردشده به شخص ثالث در اثر حوادث ناشی از وسایل نقلیه	بخش پنجم- تکالیف سایر نهادها و دستگاه های مرتبط	49	ماده 49- مراجع قضائی مکلفند در دعاوی مربوط به حوادث رانندگی، در صورت وجود بیمه‌نامه معتبر و مکفی و احراز اصالت آن، صرفاً متناسب با جنبه عمومی جرم برای راننده مسبب حادثه قرار تأمین صادر کنند. تبصره- عدم اجرای این ماده مستوجب مجازات انتظامی‌درجه سه موضوع ماده (13) قانون نظارت بر رفتار قضات مصوب 1390/7/17 برای متخلف است. بیمه مرکزی مکلف است با رعایت مفاد ماده (56) این قانون اطلاعات مربوط به بیمه‌نامه و بیمه‌گذاران را به نحوی در اختیار قوه‌قضائیه قرار دهد که امکان دسترسی مراجع قضائی برای بررسی اصالت بیمه‌نامه وجود داشته باشد.
bimeh_ejbari	قانون بیمه اجباری خسارات واردشده به شخص ثالث در اثر حوادث ناشی از وسایل نقلیه	بخش پنجم- تکالیف سایر نهادها و دستگاه های مرتبط	50	ماده 50- کلیه مراجع قانونی رسیدگی به دعاوی مرتبط با حوادث رانندگی از قبیل دادسرا و دادگاههای رسیدگی‌کننده به دعاوی ناشی از حوادث موضوع این قانون مکلفند صندوق یا شرکت بیمه مربوط را در مواردی که صندوق یا شرکت بیمه، طرف دعوی نباشند از طرح دعوی علیه مسبب حادثه مطلع نموده، زمان تشکیل جلسات دادگاه را رسماً به آنان اطلاع دهند. همچنین دادگاه مکلف است پس از صدور رأی، نسخه‌ای از رأی صادرشده را به آنها ابلاغ کند. در این موارد، بیمه‌گر یا صندوق می‌توانند با رعایت مقررات قانون آیین دادرسی مدنی نسبت به خسارات بدنی و مالی در دعوی واردشده یا پس از صدور رأی قطعی مطابق مقررات آیین دادرسی مدنی اعتراض ثالث کنند. تبصره1- اعتراض ثالث شرکت بیمه یا صندوق مانع از اجرای حکم نیست. تبصره2- عدم اعلام مراتب طرح دعاوی مرتبط با حوادث رانندگی موضوع این قانون حسب مورد به بیمه‌گر مربوط یا صندوق یا عدم ابلاغ رأی به آنها مستوجب مجازات انتظامی درجه سه موضوع ماده (13) قانون نظارت بر رفتار قضات است.
bimeh_ejbari	قانون بیمه اجباری خسارات واردشده به شخص ثالث در اثر حوادث ناشی از وسایل نقلیه	بخش پنجم- تکالیف سایر نهادها و دستگاه های مرتبط	51	ماده 51- طرح دعوای واهی موضوع تبصره ماده (109) قانون آیین دادرسی دادگاههای عمومی و انقلاب (در امور مدنی) در دعاوی راجع به حوادث رانندگی توسط صندوق یا بیمه‌گر- اعم از اینکه به صورت ورود ثالث یا اعتراض ثالث یا تجدیدنظرخواهی باشد- در صورتی که منجر به تأخیر در پرداخت خسارت شود، مشمول ماده (33) این قانون می‌شود.
bimeh_ejbari	قانون بیمه اجباری خسارات واردشده به شخص ثالث در اثر حوادث ناشی از وسایل نقلیه	بخش پنجم- تکالیف سایر نهادها و دستگاه های مرتبط	52	ماده 52- قوه‌قضائیه مکلف است تا پایان پانزدهم اسفند هر سال میزان ریالی دیه موضوع ماده (549) قانون مجازات اسلامی مصوب 1392/2/1 را تعیین و برای اجراء از ابتدای سال بعد اعلام کند.
bimeh_ejbari	قانون بیمه اجباری خسارات واردشده به شخص ثالث در اثر حوادث ناشی از وسایل نقلیه	بخش پنجم- تکالیف سایر نهادها و دستگاه های مرتبط	53	ماده 53- ادارات راهنمایی و رانندگی و پلیس‌راه حسب مورد مکلفند علاوه بر ثبت جزئیات حادثه در «سامانه جامع حوادث رانندگی»، نسخه‌ای از آن‌را به زیان‌دیده و مسبب حادثه تسلیم نموده، رسید دریافت نمایند. عدم اجرای تکلیف مذکور مستوجب مجازات مقرر برای لغو دستور موضوع ماده (38) قانون جرائم نیروهای مسلح مصوب 9/10/1382 است.
bimeh_ejbari	قانون بیمه اجباری خسارات واردشده به شخص ثالث در اثر حوادث ناشی از وسایل نقلیه	بخش پنجم- تکالیف سایر نهادها و دستگاه های مرتبط	54	ماده 54- نیروی انتظامی جمهوری اسلامی ایران مکلف است ظرف مدت سه‌ماه از تاریخ لازم‌الاجراء شدن این قانون ترتیبی اتخاذ کند که امکان دسترسی به بانکهای اطلاعاتی آن نیرو در ارتباط با موضوعات مورد نیاز از قبیل مشخصات وسایل نقلیه و دارندگان آنها و گواهینامه‌های صادرشده و همچنین سوابق تخلفات و تصادفات رانندگان، از طریق سامانه‌های الکترونیکی به‌صورت برخط برای مراجع قضائی، صندوق و بیمه مرکزی فراهم شود. اخذ گواهینامه نیازمند کارت پایان خدمت و معافیت سربازی نیست.
bimeh_ejbari	قانون بیمه اجباری خسارات واردشده به شخص ثالث در اثر حوادث ناشی از وسایل نقلیه	بخش پنجم- تکالیف سایر نهادها و دستگاه های مرتبط	55	ماده 55- شرکتهای بیمه مجاز به فعالیت در رشته بیمه موضوع این قانون مکلفند ظرف مدت سه‌ماه از تاریخ لازم‌الاجراءشدن این قانون با استفاده از سامانه‌های الکترونیکی امکان دسترسی به کلیه اطلاعات مورد نیاز بیمه مرکزی در رابطه با بیمه‌نامه‌های صادرشده و خسارت‌های مربوط به آنها را به‌صورت برخط برای بیمه مرکزی فراهم کنند.
bimeh_ejbari	قانون بیمه اجباری خسارات واردشده به شخص ثالث در اثر حوادث ناشی از وسایل نقلیه	بخش پنجم- تکالیف سایر نهادها و دستگاه های مرتبط	56	ماده 56- بیمه مرکزی مکلف است ظرف مدت شش‌ماه از تاریخ لازم‌الاجراءشدن این قانون ترتیبی اتخاذ کند که امکان دسترسی به اطلاعات مذکور در مواد (54) و (55) این قانون برای کلیه مراجع قضائی، شرکتهای بیمه ذی‌ربط، نیروی انتظامی جمهوری اسلامی ایران و صندوق فراهم شود.
bimeh_ejbari	قانون بیمه اجباری خسارات واردشده به شخص ثالث در اثر حوادث ناشی از وسایل نقلیه	بخش پنجم- تکالیف سایر نهادها و دستگاه های مرتبط	57	ماده 57- بیمه مرکزی بر حسن اجرای این قانون نظارت نموده و در صورت قصور یا تخلف هر یک از شرکتهای بیمه در اجرای قانون، اقدامات زیر را به‌عمل می‌آورد. اعمال موارد زیر متناسب با نوع قصور یا تخلف و تعدد و تکرار آن به موجب آیین‌نامه‌ای است که به پیشنهاد بیمه مرکزی و تأیید شورای‌عالی بیمه به تصویب هیأت‌وزیران می‌رسد: الف- توبیخ کتبی مدیران شرکت بیمه ب- سلب صلاحیت حرفه‌ای مسؤول فنی یا مدیر یا معاون فنی یا مدیرعامل یا هیأت‌مدیره شرکت بیمه، برای حداکثر پنج‌سال با تأیید شورای‌عالی بیمه پ- سلب صلاحیت افراد موضوع بند(ب) به‌طور دائم با تأیید شورای‌عالی بیمه ت- محکوم نمودن شرکت بیمه به پرداخت جریمه نقدی حداکثر تا مبلغ بیست برابر حداقل تعهدات بدنی موضوع ماده(8) این قانون در زمان پرداخت ث- تعلیق فعالیت شرکت بیمه در یک یا چند رشته بیمه برای حداکثر یک‌سال با تأیید شورای‌عالی بیمه ج- لغو پروانه فعالیت در یک یا چند رشته بیمه به‌طور دائم با تأیید شورای عالی بیمه تبصره1- در مورد بندهای(ت)، (ث) و (ج) این ماده، بیمه مرکزی نظر مشورتی و تخصصی اتحادیه بیمه‌گران ایران را قبل از اتخاذ تصمیم، اخذ می‌کند. چنانچه اتحادیه ظرف مدت پانزده روز از تاریخ دریافت نامه بیمه مرکزی، کتباً نظر خود را اعلام نکند بیمه مرکزی رأساً اقدام می‌کند. تبصره2- در صورت سلب صلاحیت اکثریت هیأت‌مدیره شرکت بیمه حسب اعلام بیمه مرکزی، بیمه مرکزی با تأیید شورای‌عالی بیمه می‌تواند برای اداره امور شرکت فرد واجد شرایطی را به‌عنوان سرپرست شرکت بیمه تا زمان تعیین و تأیید اعضای جدید هیأت‌مدیره منصوب کند. صاحبان سهام شرکت بیمه(مجمع) موظفند حداکثر ظرف مدت یک‌ماه اعضای هیأت‌مدیره جدید خود را معرفی کنند تا پس از تأیید توسط بیمه مرکزی جایگزین اعضای قبلی سلب صلاحیت‌شده شوند و براساس قانون تجارت شرکت را اداره کنند. سرپرست جدید منصوب تا زمان جایگزینی اعضای هیأت‌مدیره جدید دارای اختیارات هیأت‌مدیره شرکت است و مسؤولیت کلیه اقدامات او برعهده بیمه مرکزی است. حقوق و مزایای سرپرست منصوب تا تعیین مدیرعامل که حداکثر سه‌ماه می­باشد توسط بیمه مرکزی پیشنهاد و پس از تصویب مجمع شرکت به سرپرست منصوب پرداخت می‌شود. تبصره3- جریمه موضوع بند (ت) این ماده به حساب اختصاصی صندوق نزد خزانه‌داری کل واریز و با پیش‌بینی در بودجه‌های سنواتی به صندوق مذکور تخصیص داده می‌شود. عدم پرداخت جریمه از سوی شرکت بیمه در حکم تصرف غیرقانونی در وجوه عمومی است. تبصره4- نحوه وصول، تخفیف و یا بخشودگی جریمه موضوع بند (ت) این ماده به موجب آیین‌نامه‌ای است که ظرف مدت شش‌ماه از تاریخ ابلاغ این قانون به پیشنهاد بیمه مرکزی پس از تأیید شورای‌عالی بیمه به تصویب وزیر امور اقتصادی و دارایی می‌رسد. تبصره5- رسیدگی به اعتراض شرکتهای بیمه در خصوص تصمیم بیمه مرکزی یا شورای‌عالی بیمه مبنی بر اعمال مجازات‌های مندرج در این ماده (به‌جز بند«الف») برعهده کمیسیونی متشکل از یک‌نفر قاضی دادگستری با انتخاب رئیس قوه قضائیه (به‌عنوان رئیس کمیسیون)، نماینده بیمه مرکزی و یک‌نفر نماینده اتحادیه (سندیکای) بیمه‌گران می‌باشد. تصمیم‌گیری کمیسیون مذکور با اکثریت آرای اعضاء، لازم‌الاجراء و ظرف مدت بیست روز از تاریخ ابلاغ حسب مورد قابل اعتراض در مرجع قضائی ذی‌صلاح است. دبیرخانه این کمیسیون در بیمه‌مرکزی مستقر می‌باشد. آیین‌­نامه اجرایی ماده (57) قانون بیمه اجباری خسارات وارد شده به شخص ثالث در اثر حوادث ناشی از وسایل نقلیه
bimeh_ejbari	قانون بیمه اجباری خسارات واردشده به شخص ثالث در اثر حوادث ناشی از وسایل نقلیه	بخش پنجم- تکالیف سایر نهادها و دستگاه های مرتبط	58	ماده 58- بیمه مرکزی مکلف است مطابق مقررات مربوط بر اجرای تعهدات شرکتهای بیمه و نحوه محاسبه ذخایر آنها در رشته بیمه شخص ثالث نظارت نموده و از کفایت ذخایر مذکور جهت ایفای تعهدات آتی شرکتهای بیمه اطمینان حاصل کند. شرکتهای بیمه مکلفند ذخایرتأییدشده از سوی بیمه مرکزی را در دفاتر و صورتهای مالی خود، مطابق دستورالعمل بیمه مرکزی ثبت کنند.
bimeh_ejbari	قانون بیمه اجباری خسارات واردشده به شخص ثالث در اثر حوادث ناشی از وسایل نقلیه	بخش ششم- مقررات کیفری	59	ماده 59- عدم پرداخت حقوق قانونی صندوق از سوی بیمه‌گر یا نمایندگی آنان، مصرف درآمدهای صندوق در غیر از موارد مصرح قانونی و همچنین عدم اجرای تکالیف مقرر در مواد (45) و (46) و (48) این قانون علاوه بر تخلف اداری یا انتظامی در حکم دخل و تصرف در وجوه عمومی است.
bimeh_ejbari	قانون بیمه اجباری خسارات واردشده به شخص ثالث در اثر حوادث ناشی از وسایل نقلیه	بخش ششم- مقررات کیفری	60	ماده 60- فروش هر نوع بیمه‌نامه یا مبادرت به عملیات بیمه‌گری یا نمایندگی بیمه بدون مجوز قانونی، در حکم کلاهبرداری است و مرتکب علاوه بر مجازات کلاهبرداری، ضامن جبران خسارت وارده حسب مورد به زیان‌دیده یا صندوق به نرخ روز جبران می‌باشد.
bimeh_ejbari	قانون بیمه اجباری خسارات واردشده به شخص ثالث در اثر حوادث ناشی از وسایل نقلیه	بخش ششم- مقررات کیفری	61	ماده 61- هرکس با انجام اعمال متقلبانه مانند صحنه‌سازی صوری تصادف، تعویض خودرو یا ایجاد خسارت عمدی، وجوهی را بابت خسارت دریافت کند، به حبس تعزیری درجه شش و جزای نقدی معادل دو برابر وجوه دریافتی محکوم می‌شود. شروع به جرم مندرج در این ماده علاوه بر مجازات مقرر برای شروع به جرم در قانون مجازات اسلامی، مستوجب جزای نقدی درجه پنج می‌باشد.
bimeh_ejbari	قانون بیمه اجباری خسارات واردشده به شخص ثالث در اثر حوادث ناشی از وسایل نقلیه	بخش ششم- مقررات کیفری	62	ماده 62- هرگاه شخصی برخلاف واقع خود را به‌عنوان راننده وسیله نقلیه مسبب حادثه معرفی کند به مجازات حبس درجه هفت محکوم می‌شود؛ راننده نیز چنانچه در این امر تبانی کرده باشد به مجازات مذکور محکوم می‌شود.
bimeh_ejbari	قانون بیمه اجباری خسارات واردشده به شخص ثالث در اثر حوادث ناشی از وسایل نقلیه	بخش ششم- مقررات کیفری	63	ماده 63- در صورتی‌که مسؤولیت مسبب حادثه مشمول تعهدات بیمه‌گر باشد، جز در موارد مصرح در ماده (15) این قانون، مقررات مربوط به نحوه اجرای محکومیت‌های مالی در خصوص وی قابل اجراء نیست.
bimeh_ejbari	قانون بیمه اجباری خسارات واردشده به شخص ثالث در اثر حوادث ناشی از وسایل نقلیه	بخش هفتم- مقررات نهائی	64	ماده 64- کلیه آیین‌نامه‌‌های اجرائی این قانون جز در مواردی که به نحو دیگری مقرر شده است، ظرف مدت یک‌سال از تاریخ ابلاغ آن توسط بیمه مرکزی و شورای‌عالی بیمه تهیه می‌شود و پس از تأیید وزیر امور اقتصادی و دارایی به تصویب هیأت‌وزیران می‌رسد. مادامی که آیین‌نامه‌های مذکور، تهیه و تصویب نشده است، آیین‌نامه‌های اجرائی موجود، در حدودی که مغایر این قانون نباشد معتبر است.
bimeh_ejbari	قانون بیمه اجباری خسارات واردشده به شخص ثالث در اثر حوادث ناشی از وسایل نقلیه	بخش هفتم- مقررات نهائی	65	ماده 65- بیمه‌نامه‌های صادره پیش از لازم‌الاجراء شدن این قانون مشمول قانون زمان صدور خود هستند لکن در هر حال احکام بندهای (الف) و (ب) ماده (4)، مواد (11)، (19)، (22)، (25)، (30) و ماده (32) و تبصره‌های آن، مواد (36)، (37)، (38)، (49)، (50) و (60) در مورد بیمه‌نامه‌هایی که هنوز خسارات تحت پوشش آنها پرداخت نشده نیز لازم‌الرعایه است.
bimeh_ejbari	قانون بیمه اجباری خسارات واردشده به شخص ثالث در اثر حوادث ناشی از وسایل نقلیه	بخش هفتم- مقررات نهائی	66	ماده 66- از تاریخ لازم‌الاجراء شدن این قانون، «قانون اصلاح قانون بیمه مسؤولیت مدنی دارندگان وسایل نقلیه موتوری زمینی در مقابل شخص ثالث مصوب 1387» نسخ می‌شود. هرگونه نسخ یا اصلاح مواد این قانون باید صریحاً در قوانین بعدی قید ‌شود. قانون فوق مشتمل بر شصت و شش ماده و پنجاه و پنج تبصره در جلسه علنی روز دوشنبه مورخ بیستم اردیبهشت‌ماه یکهزار و سیصد و نود و پنج مجلس شورای اسلامی تصویب شد و در تاریخ 1395/2/29 به تأیید شورای نگهبان رسید.
