question_number,category,question,options
1,حقوق مدنی,کدام یک از موارد زیر صحیح است؟,1) با توافق طرفین امکان از بین بردن سبب انفساخ قرارداد وجود ندارد. | 2) به سبب انفساخ عقد جایز نمی تواند ارادی باشد . | 3) سبب انفساخ عقد ممکن است ارادی باشد اما انفساخ در هر حال قهری است. | 4) با توجه به قهری بودن انفساخ ،عقد، سبب انفساخ عقد نمی تواند ارادی باشد.
2,حقوق مدنی,شخص «الف» حین رانندگی با خودرو سواری با شخص «ب» (موتورسوار) تصادف می کند شخص «الف» که دارای پوشش بیمه اجباری است صد درصد مقصر حادثه تشخیص داده می شود. بیمهگر مسئولیت، تکلیف به جبران کدام دسته از خسارات و تا چه میزانی دارد؟,1) دیه هر دو راننده صرفاً تا میزان دیه کامل و خسارات مالی وارد شده به موتورسیکلت تا سقف تعهدات | 2) دیه شخص «الف» تا سقف تعهدات خود و دیه شخص «ب» به هر میزان که طبق قانون تعلق گیرد و خسارات مالی وارده به موتورسیکلت تا سقف تعهدات خود | 3) دیه هر دو راننده تا هر میزان که باشد و خسارت وارد شده به هر دو وسیله نقلیه به صورت کامل | 4) دیه هر دو راننده تا هر میزان که باشد و خسارت وارد شده به هر دو وسیله نقلیه تا سقف تعهدات
3,حقوق مدنی,کدام مورد در خصوص تصرفی که همراه با قصد تملک باشد صحیح است؟,1) تصرف در مواردی مملک است حتی اگر همراه با قصد تملک نباشد. | 2) تصرف به تنهایی حتی اگر همراه با قصد تملک باشد هیچگاه مملک نیست. | 3) تصرف نمی تواند جزء سبب مملک باشد. | 4) تصرف ممکن است در مواردی به تنهایی سبب تملک باشد.
4,حقوق مدنی,شخص «الف» (جراح پلاستیک زیبایی) که تحت پوشش کامل بیمه مسئولیت مدنی ناشی از تقصیر حرفه ای است، حین عمل مرتکب تقصیر می شود و در نتیجه بیمار زن فوت می کند پرداخت خسارت متعلق به بازماندگان واجد شرایط متوفی به میزان دیه کامل مرد مسلمان در نهایت برعهده چه شخص یا اشخاصی است؟,1) بیمه‌گر مسئولیت مدنی و صندوق تأمین خسارتهای بدنی | 2) در مقابل زیان دیدگان پزشک مقصر مسئول پرداخت دیه کامل مرد مسلمان است و پس از پرداخت می تواند آن را از بیمه‌گر مسئولیت مدنی مسترد کند. | 3) پزشک مقصر | 4) بیمه‌گر مسئولیت مدنی
5,حقوق مدنی,شرط وکالت زن در طلاق در چه قالب هایی قابل تحقق است؟,1) به شکل شرط نتیجه یا شرط فعل، ضمن عقد نکاح | 2) به شکل شرط فعل، ضمن عقد نکاح یا عقد دیگری | 3) به شکل شرط نتیجه یا فعل ضمن عقد نکاح یا عقد دیگری | 4) به شکل شرط نتیجه ضمن عقد نکاح یا عقد دیگری
6,حقوق مدنی,کدام مورد در خصوص تشابه »هبه« و »وصیت تملیکی«، صحیح است؟,1) هر دو جزو عقود عینی محسوب می شوند و قبول و قیض شخص ذی نفع شرط صحت است. | 2) در هر دو موصی له یا متهب ممکن است غیر محصور باشد. | 3) در هر دو امکان رجوع برای واهب و موصی وجود دارد حتی اگر مال توسط موصی له با متهب قبض شده باشد. | 4) در هر دو، در صورت فوت واهب یا موصی قبل از قبول متهب یا موصی له عقد باطل می شود.
7,حقوق مدنی,مسئولیت کدام یک از اشخاص زیر در مقابل متعهدله یا زیان دیده به تسهیم است نه تضامنی؟,1) چند مستعیر در عاربه طلا و نقره که مال عاریه نزد آنها تلف شده باشد. | 2) چند قیم چنانچه مرتکب تقصیر شوند و به شخص تحت قیمومت زیانی وارد آورند | 3) چند عامل زیان در حوادث کار چنانچه مجتمعا زیانی وارد آورند. | 4) چند ضامن، چنانچه ضمانت آنان به صورت ضم ذمه به ذمه باشد.
8,حقوق مدنی,در قرارداد فروش مالی شرط می شود که چنانچه ثمن معامله ظرف مدت یک ماه پرداخت نشود فروشنده حق فسخ معامله و استرداد اموال فروخته شده را دارد خریدار قبل از یک ماه به منظور پرداخت ثمن حواله ای به سود فروشنده و بر ذمه شخصی صادر می کند. محال علیه حواله را قبول می کند اما بعدا مدعی می شود که چون به محیل بدهکار نیست حاضر به پرداخت وجه حواله نیست فروشنده (محتال) چه اقدام حقوقی می تواند انجام دهد؟,1) چنانچه ثابت شود محال علیه به محیل بدهکار نیست می تواند معامله را فسخ کند. | 2) اختیار دارد معامله را فسخ کند یا برای گرفتن مبلغ حواله علیه محال علیه طرح دعوا کند. | 3) فقط می تواند معامله را فسخ کند | 4) برای گرفتن مبلغ حواله تنها می تواند علیه محال علیه طرح دعوا کند.
9,حقوق مدنی,چنانچه مسئولیت مدنی مبتنی بر تقصیر باشد کدام یک از اشخاص زیر در برابر زیان دیده مسئولیت مدنی نخواهد داشت؟,1) کودک، چنانچه به دیگری خسارتی وارد کند و معلوم شود که سرپرست کودک در نگهداری از وی تقصیر کرده، اما سرپرست توانایی جبران خسارت نداشته باشد. | 2) کارفرمای مشمول قانون کار در قبال خسارات ناشی از فعل ،کارگر چنانچه ثابت شود تمام احتیاط هایی را که اوضاع و احوال قضیه ایجاب می نموده به عمل آورده است. | 3) مضطر، چنانچه مال غیر را تلف کند . | 4) مکره در اکراه غیر مادی چنانچه مال دیگری را تلف کند.
10,حقوق مدنی,پدر برای اداره اموال فرزندان صغیرش بعد از فوت خود برادرش را به عنوان وصی تعیین می کند. آیا وصی تعیین شده از طرف پدر می تواند برای انجام مورد وصایت در زمان حیات خود به دیگری وکالت دهد یا برای بعد از فوت خود وصی دیگری تعیین کند؟,1) هم می تواند به دیگری وکالت دهد و هم مطلقاً می تواند برای بعد از فوت خود وصی دیگری تعیین کند . | 2) نه می تواند به دیگری وکالت دهد و نه می تواند برای بعد از فوت خود وصی دیگری تعیین کند. | 3) می تواند به دیگری وکالت دهد و چنانچه حق امضاء به وی تفویض شده باشد می تواند برای بعد از فوت خود وصی دیگری را هم تعیین کند. | 4) به دیگری می تواند وکالت دهد اما تحت هیچ شرایطی نمی تواند برای بعد از فوت خود وصی دیگری تعیین کند.
11,حقوق مدنی,کدام مورد در خصوص تشابه و تفاوت تعلیق در مرحله انعقاد قرارداد و تعلیق در مرحله اجرای قرارداد صحیح نیست؟,1) در هر دو اثر عقد تا رفع تعلیق جریان پیدا نمی کند | 2) در هر دو، تعلیق ناشی از اراده است. | 3) در هر دو در صورت تحقق معلقعلیه یا رفع مانع اثر عقد جریان پیدا می کند . | 4) برخی از عقود نه در مرحله انعقاد و نه در مرحله اجراء تعلیق پذیر نیستند.
12,حقوق مدنی,أجل برای انجام تعهدات قراردادی ناشی از کدام یک از موارد زیر می تواند باشد؟,1) صرفا ناشی از اراده طرفین یا حکم دادگاه | 2) صرفاً ناشی از اراده طرفین | 3) صرفاً ناشی از اراده طرفین یا حکم دادگاه مستند به یک قانون خاص و برای یک نوع قرارداد خاص | 4) ناشی از اراده طرفین قرارداد، حکم دادگاه یا قانون خاص
13,حقوق مدنی,کدام مورد در خصوص تفاوت و تشابه عقد و ایقاع صحیح نیست ؟,1) عقد می تواند مملک باشد اما ایقاع هیچگاه مملک نیست. | 2) در هر دو ممکن است حق رجوع وجود داشته باشد. | 3) عیوب اراده در هر دو می تواند مؤثر باشد. | 4) هر دو اصولاً توسط نماینده می تواند انجام شود .
14,حقوق مدنی,با توجه به قانون روابط موجر و مستأجر 1376 کدام مورد صحیح است؟,1) مستاجر صاحب سرقفلی قبل از تخلیه هر زمانی می تواند نسبت به مطالبه سرقفلی از موجر اقدام کند. | 2) ارزش سرقفلی به نرخ عادله روز جهت پرداخت صرفا با نظر دادگاه قابل تعیین خواهد بود. | 3) مستاجر صاحب سرقفلی نمی تواند در اثنای مدت اجاره برای واگذاری حق خود مبلغی را از مستاجر دیگر به عنوان سرقفلی دریافت کند . | 4) مستاجر صاحب سرقفلی، حق انتقال سرقفلی خویش به غیر را دارد مگر اینکه در ضمن عقد اجاره این حق از وی سلب شده باشد.
15,حقوق مدنی,کدام مورد در خصوص حقوق پدیدآورندگان آثار، صحیح نیست؟,1) حق بهره برداری عرضه و اجرای اثر جزو حقوق انحصاری پدید آورنده محسوب می شود . | 2) نقل از آثار انتشار یافته و استناد به آنها برای مقاصد علمی، ادبی و آموزشی بدون هیچ قید و شرطی مجاز است. | 3) حقوق معنوی پدیدآورنده اثر غیر قابل انتقال است. | 4) یک اثر زمانی مشترک است که کار یکایک پدیدآورندگان جدا و متمایز نباشد.
16,حقوق مدنی,« الف» به عنوان وکیل »ب« ملک »ب« را به یک سوم قیمت عرفی به «ج» واگذار می کند. با توجه به اینکه در وکالتنامه «الف» قید گردیده بود که نامبرده می تواند ملک مذکور را به هر شخص و به هر قیمتی و حتی به خود واگذار نماید وضعیت معامله مذکور از حیث صحت چگونه است؟,1) به دلیل عدم رعایت غبطه موکل معامله غیر نافذ بوده و با رد «ب»، معامله باطل می شود. | 2) به دلیل اعطای اختیار از ناحیه موکل اقدام «الف» صحیح و اقدام «ب» مشمول قاعده اقدام است. | 3) معامله در مقابل «ب» غیر قابل استناد است . | 4) به دلیل عدم رعایت غبطه موکل معامله از سوی «ب» قابل فسخ است .
17,حقوق مدنی,کدام مورد در خصوص رد ترکه، صحیح است؟,1) رد مطلق ترکه ممکن نیست ولی رد مشروط آن امکان پذیر است. | 2) حق رد ترکه قابل انتقال به وراث نیست. | 3) درصورت یکه تحریر ترکه صورت گرفته باشد مهلت یکماهه رد ترکه از تاریخ ابلاغ خاتمه تحریر ترکه آغاز می‌شود. | 4) هرگاه اکثریت ورثه ترکه را رد نمایند موضوع در حکم ترکه بلاوارث خواهد بود.
18,حقوق مدنی,شخصی فوت می کند که حین الفوت همسرش باردار بوده و پدر و مادرش در قید حیات نیستند و به غیر از همسرش یک خواهر و برادر نیز دارد جنین بلافاصله بعد از تولد فوت می کند در این صورت کدام مورد صحیح است؟,1) از ماترک متوفی یک هشتم به همسر متوفی و مابقی به جنین می رسد. | 2) از ماترک متوفی یک هشتم به همسر وی و مابقی به برادر و خواهر متوفی می رسد. | 3) کل ماترک مستقیم به همسر متوفی می رسد . | 4) ماترک متوفی به همسر، برادر و خواهر می رسد.
19,حقوق مدنی,عین معین متعلق به متعهدله نزد متعهد است، متعهد به جای آن مال، مال دیگری به متعهدله میدهد و مورد قبول متعهدله قرار میگیرد ماهیت این امر چیست؟,1) تهاتر قراردادی در مقام وفای به عهد | 2) معاوضه یا بیع یا صلح در مقام معاوضه یا بیع | 3) وفای به عهد | 4) فقط معاوضه
20,حقوق مدنی,آیا مستعیر می تواند از جهت تعهد به حفاظت و اداره مال، مال عاریه را به تصرف غیر دهد؟,1) مستعیر تنها و منحصراً با اجازه مالک یا حاکم می تواند مال عاریه را به غیر بسپارد . | 2) مستعیر نمی تواند مال عاریه را به هیچ نحوی به تصرف غیر دهد. | 3) مستعیر تنها و منحصرا با اجازه مالک می تواند مال عاریه را به غیر بسپارد حتی اگر مال در معرض خطر باشد و لازمه احتراز از خطر سپردن مال به دیگری باشد. | 4) اگر مستعیر مورد عاریه را در خطر ببیند و به مالک دسترسی نداشته باشد، برای احتراز از خطر می تواند آن را به دیگری بسپارد.
21,آیین دادرسی مدنی,چنانچه آیین نامه دولتی با صدور رأی هیئت عمومی دیوان عدالت اداری ابطال شود، در خصوص اثر این ابطال کدام مورد صحیح است؟,1) اثر ابطال از زمان صدور رای جاری است مگر آیین نامه همزمان به علت مخالفت با قوانین موجد حق ابطال شده باشد. | 2) اثر ابطال از زمان صدور رأی جاری است مگر به علت خلاف شرع ابطال شده و یا در رأی تصریح شده باشد که از زمان تصویب مصوبه جاری است. | 3) اثر ابطال در هر حال از زمان تصویب آیین نامه جاری است مگر در رأی خلاف آن تصریح شده باشد . | 4) اثر ابطال در هر حال از زمان صدور رأی ابطال جاری است مگر در رأی خلاف آن تصریح شده باشد.
22,آیین دادرسی مدنی,دو شخص که اختلاف خود را برای فصل، به سه نفر داور ارجاع دادهاند. پس از ارجاع به داوری به دو نفر از آنها اختیار صلح و سازش نیز می دهند. چنانچه هیئت داوری اقدام به صدور رأیی نماید که در صدور آن فقط دو نفر از داوران رأی موافق داده باشند کدام مورد صحیح است؟,1) رای داوری در صورتی قابل درخواست بطلان نیست که دو نفری که حق صلح و سازش دارند با آن موافق بوده باشند. | 2) رأی داوری فقط در صورتی قابلیت درخواست بطلان ندارد که داوری که حق صلح و سازش نداشته، نظر مخالف نداده باشد . | 3) رای داوری قابل درخواست بطلان نیست. | 4) رأی داوری قابل درخواست بطلان است.
23,آیین دادرسی مدنی,حکمی در تأیید حکم دادگاه نخستین از دادگاه تجدیدنظر استان صادر و در مهلت مقرر از آن فرجام خواهی می شود. چنانچه دیوان عالی کشور، عدم صحت سند مستند حکم فرجام خواسته را احراز نماید، کدام مورد صحیح است؟,1) فقط چنانچه سند، عادی باشد رأی را نقض می کند و پرونده را به دادگاه هم عرض ارجاع می دهد. | 2) فقط چنانچه سند، رسمی باشد رای را نقض می کند و پرونده را به دادگاه صادر کننده رای منقوض ارجاع می دهد. | 3) حکم را نقض و پرونده را به دادگاه هم عرض ارجاع می دهد. | 4) حکم را نقض و پرونده را به دادگاه صادر کننده رأی منقوض ارجاع می دهد.
24,آیین دادرسی مدنی,حکمی قطعی از دادگاه تجدید نظر استان، له شخص «الف» با وکالت شخص «ج» علیه شخص «ب» صادر و در تاریخ 1390/2/1  ابلاغ گردیده و حکم اجرا شده است. همان شخص «ج» اصالتاً در تاریخ 5/5/1403 نسبت به همان حکم اعتراض ثالث می نماید. در مورد قابل استماع بودن اعتراض ثالث با لحاظ مدت کدام مورد صحیح است؟,1) در صورتی که ثابت شود حقوقی که اساس و ماخذ اعتراض است قانوناً ساقط نشده، قابل استماع است. | 2) اگر اعتراض ثالث طاری باشد. در هر حال مسموع است. | 3) فقط در اعتراض ثالث طاری در صورتی که ثابت شود حقوقی که اساس و مأخذ اعتراض است، قانوناً ساقط نشده مسموع است. | 4) فقط در صورتی که ثابت شود محکوم له حکم مورد اعتراض حق خود را انتقال نداده است مسموع است.
25,آیین دادرسی مدنی,در خصوص رعایت اصول و تشریفات دادرسی در رسیدگی به امور حقوقی با توجه به قانون شوراهای حل اختلاف مصوب 1402 کدام مورد صحیح است؟,1) رعایت اصول دادرسی در دادگاه عمومی حقوقی و صلح الزامی است اما رعایت تشریفات دادرسی در دادگاه صلح الزامی نیست . | 2) رعایت اصول دادرسی در دادگاه عمومی حقوقی و دادگاه صلح و شورای حل اختلاف الزامی است اما رعایت تشریفات دادرسی در دادگاه صلح و شورای حل اختلاف الزامی نیست | 3) عایت اصول و تشریفات دادرسی در دادگاه عمومی حقوقی و صلح الزامی است . | 4) رعایت اصول و تشریفات دادرسی در دادگاه عمومی حقوقی و صلح الزامی است اما در شورای حل اختلاف الزامی نیست.
26,آیین دادرسی مدنی,با توجه به قانون شوراهای حل اختلاف مصوب 1402 و قانون تشکیل دادگاههای خانواده تحریر ترکه، مهر و موم و رفع آن در صلاحیت چه مرجعی است؟,1) شورای حل اختلاف | 2) دادگاه عمومی حقوقی | 3) دادگاه خانواده | 4) دادگاه صلح
27,آیین دادرسی مدنی,داد خواستی در دیوان عدالت اداری مطرح شده که شاکیان آن پنج نفر می باشند. در خصوص رسیدگی شعبه دیوان به دادخواست مزبور کدام مورد صحیح است؟,1) اگر شکایات مندرج در دادخواست به طوری باشد که نتواند ضمن یک دادرسی به آنها رسیدگی کند و در عین حال منشا و مبنای واحدی نداشته باشند باید تفکیک و جداگانه رسیدگی کند. | 2) اگر شکایات مندرج در دادخواست منشا و مبنای واحد داشته یا دیوان بتواند ضمن یک دادرسی به آنها رسیدگی کند. دیوان به همه موارد ضمن یک دادرسی اتخاذ تصمیم می کند، در غیر این صورت موارد به تفکیک و جداگانه رسیدگی می شود. | 3) قانونگذار در دیوان عدالت اداری رسیدگی توام با تفکیک را به تشخیص شعبه دیوان واگذار نموده است. | 4) اگر شکایات مندرج در دادخواست منشا و مبنای واحد نداشته باشند شعبه دیوان در هر حال آنها را تفکیک نموده و جدا گانه رسیدگی می کند.
28,آیین دادرسی مدنی,سندی در خارج از کشور تنظیم شده و نماینده کنسولی موافقت آن را با قوانین کشور محل تنظیم تصدیق کرده است. در خصوص شرط گواهی وزارت امور خارجه، برای پذیرفته شدن آن سند در دادگاههای ایران، کدام مورد صحیح است؟,1) اگر نماینده کنسولی خارجه در ایران تصدیق کرده باشد، منوط بر تصدیق وزارت امور خارجه است. | 2) در هر حال گواهی وزارت امور خارجه لازم نیست . | 3) گواهی وزارت امور خارجه فقط در صورتی لازم است که ایران با کشور محل تنظیم سند قرارداد تعاون قضایی نداشته باشد. | 4) گواهی وزارت امور خارجه فقط در صورتی لازم است که ایران با کشور محل تنظیم سند قرارداد تعاون قضایی داشته باشد.
29,آیین دادرسی مدنی,در خصوص مهلت اعتراض به نظریه کارشناسی در پرونده دادرسی و ارزیاب در اجرای احکام مدنی و مبدا مهلت، کدام مورد صحیح است؟,1) در مورد کارشناس سه روز از تاریخ ابلاغ اخطار وصول نظریه و در مورد ارزیاب، هفت روز از تاریخ ابلاغ نظریه | 2) در مورد کارشناس و ارزیاب، هفت روز از تاریخ ابلاغ نظریه | 3) در مورد کارشناس هفت روز پس از تاریخ ابلاغ اخطار مبنی بر وصول نظریه و در مورد ارزیاب سه روز از تاریخ ابلاغ نظریه | 4) در مورد کارشناس هفت روز از تاریخ ابلاغ نظریه و در مورد ارزیاب سه روز از تاریخ ابلاغ وصول نظریه ارزیاب
30,آیین دادرسی مدنی,در خصوص قابلیت فرجام احکام صادره از دادگاه تجدید نظر راجع به متفرعات دعوی که ضمن رسیدگی به دعاوی راجع به اصل نکاح، فسخ آن و طلاق و نسب صادر می شود کدام مورد صحیح است؟,1) فقط در مورد احکام طلاق و نسب قابل فرجام است. | 2) در هر چهار حکم قابل فرجام است | 3) فقط در مورد احکام اصل نکاح و فسخ آن و اصل طلاق قابل فرجام است. | 4) فقط در مورد احکام طلاق، نسب و اصل نکاح قابل فرجام است.
31,آیین دادرسی مدنی,در دعوایی که به خواسته پرداخت ده میلیارد ریال علیه شخص «الف» و شخص «ب» اقامه شده و دادگاه نخستین حکم علیه خواهان صادر نموده محکوم علیه پس از تجدیدنظر خواهی نسبت به حکم سه ماه بعد در حالی که پرونده در دادگاه مطرح است تصمیم م یگیرد که شخص «ب» را از دعوای تجدیدنظر خارج کند.  دراینصورت کدام مورد صحیح است؟,1) باید درخواست استرداد دادخواست تجدید نظر نسبت به شخص «ب» در دادگاه تجدید نظر مطرح نماید. | 2) باید درخواست استرداد دادخواست تجدید نظر نسبت به شخص «ب» در دادگاه نخستین مطرح نماید. | 3) باید لایحه ای در قالب کاهش خواسته معطوف به کم کردن تجدید نظر خواندگان به دادگاه تجدیدنظر تقدیم نماید | 4) باید لایحه ای در قالب کاهش خواسته معطوف به کم کردن تجدید نظر خواندگان به دادگاه نخستین تقدیم نماید.
32,آیین دادرسی مدنی,حکم خلع ید از یک باب ویلا، له شخص «الف» و علیه شخص «ب» صادر، قطعی و اجرا می شود. شخص «الف» پس از اجرای حکم اقدام به تخریب بنای ویلا می نماید، سپس دو سال بعد، حکم مزبور در پی اعاده دادرسی، با حکم نهایی بلااثر می شود. در خصوص اعاده عملیات اجرایی حکم بلا اثر  شده، کدام مورد صحیح است؟,1) به دستور دادگاه اجرا کننده حکم بلااثر شده شخص «الف» از ملک خلع ید شده و ملک به تصرف »ب« داده می شود و بهای بنای تخریب شده نیز توسط کارشناس تعیین و از شخص «الف» گرفته شده و به شخص »ب« داده می شود. | 2) به دستور دادگاه صادر کننده حکم بلااثرکننده، شخص «الف» از ملک خلع ید شده و ملک به تصرف شخص »ب« داده می شود و بهای بنای تخریب شده نیز توسط کارشناس تعیین و از شخص «الف» گرفته شده و به شخص »ب« داده می شود. | 3) به دستور دادگاه اجرا کننده حکم بلااثر شده، شخص «الف» از ملک خلع ید و ملک به همان صورت به تصرف شخص »ب« داده می شود. | 4) به دستور دادگاه اجرا کننده حکم بلااثر شده، اجرائیه قبلی ابطال و شخص «الف» از ملک خلع ید و ملک به همان صورت به تصرف شخص «ب» داده می شود.
33,آیین دادرسی مدنی,چنانچه هر یک از اصحاب دعوی اصول استاد عادی را که رو گرفت آنها را ارائه کرده اند در اولین جلسه دادرسی حاضر نکند و طرف مقابل نسبت به آن اظهار انکار نماید کدام مورد صحیح است؟,1) خواه انکار کننده خواهان یا خوانده باشد سند فقط در صورتی از عداد دلایل خارج می شود که ابراز کننده سند در همان جلسه دلیل اصالت آن را ارائه ننماید . | 2) خواه انکارکننده خواهان  یا خوانده باشد  دادگاه میتواند بهاختیار خود سند را از عداد  دلایل خارج نموده یا جلسه را تجدید نماید. | 3) خواه انکار کننده خواهان یا خوانده باشد سند از عداد دلایل خارج می شود. | 4) اگر انکار کننده خواهان باشد سند از عداد دلایل خارج می شود و اگر انکار کننده خوانده باشد چنانچه دادخواست مستند به ادله دیگری نباشد در آن خصوص ابطال می شود.
34,آیین دادرسی مدنی,در خصوص بازداشت یک حلقه انگشتری گران قیمت، کدام مورد صحیح است؟,1) باید صورت برداری و ارزیابی شده و از محکوم علیه گرفته شده و به حافظ داده شود که می تواند هر شخصی باشد حتی بدون توافق طرفین و سپس ارزیابی شود . | 2) باید صورت برداری و ارزیابی شده و از محکوم علیه گرفته شده و به حافظ داده شود که حافظ می تواند فقط در صورت توافق طرفین حتی پسر عموی محکوم علیه باشد. | 3) کافی است صورت برداری شده و از محکوم علیه گرفته شده و به حافظ داده شود که می تواند هر شخصی باشد حتی بدون توافق طرفین و سپس ارزیابی شود. | 4) باید صورت برداری و ارزیابی شده و از محکوم علیه گرفته شده و به حافظ داده شود که حافظ می تواند حتی بدون توافق طرفین پسر عموی محکوم علیه باشد.
35,آیین دادرسی مدنی,خوانده دعوی برای اثبات ادعای خود مبنی بر مطالبه وجه نقد، دو گواه معرفی می کند دادگاه قرار رسیدگی به گواهی گواهان صادر می نماید و هر دو گواه برای حضور در جلسه دادرسی مقرر دعوت میشوند اما در جلسه دادرسی هیچ یک از گواهان حاضر نمی شود. در خصوص ضمانت اجرای این حضور و ارزش و تأثیر گواهی آنها کدام مورد صحیح است؟,1) دوباره احضار خواهند شد و در صورت حضور در هر حال تشخیص ارزش و تأثیر گواهی آنها با دادگاه است. | 2) دوباره احضار خواهند شد و در صورت حضور اگر شرایط گواه شرعی داشته باشند گواهی آنها به دادگاه تحویل می شود. | 3) گواهی از عداد دلایل خارج می شود. | 4) دوباره احضار خواهند شد و در صورت عدم حضور جلب خواهند شد .
36,آیین دادرسی مدنی,در دعوایی که خواسته آن چهل میلیون ریال تقویم شده است، حکمی از دادگاه صلح صادر و به اصحاب دعوی ابلاغ می شود. در خصوص امکان فرجام خواهی محکوم علیه از این حکم کدام مورد صحیح است؟,1) در هیچ صورت قابل فرجام نیست | 2) در هر صورت قابل فرجام است . | 3) اگر محکوم علیه در مهلت مقرر نسبت به آن تجدید نظرخواهی نکند و قطعی شود. می تواند در مهلت فرجامی، فرجام خواهی کند . | 4) اگر محکوم علیه در مهلت مقرر نسبت به آن تجدید نظر خواهی نکند و قطعی شود و خواسته بابت مهریه باشد، قابل فرجام است.
37,آیین دادرسی مدنی,حکمی از دادگاه تجدیدنظر استان صادر و قطعی شده و عملیات اجرایی حکم در حال انجام است. نسبت به این حکم محکوم علیه درخواست اعاده دادرسی می نماید در خصوص تکلیف عملیات اجرایی کدام مورد صحیح است؟,1) در صورت صدور قرار قبولی اعاده دادرسی در محکوم به غیرمالی در صورتی که محکوم علیه تامین دهد اجرای حکم متوقف و در محکوم به مالی اجرای حکم متوقف می شود. | 2) در صورت صدور قرار قبولی اعاده دادرسی در محکوم به غیرمالی اجرای حکم متوقف و در محکوم به مالی نیز در صورتی که محکوم علیه تأمین دهد اجرای حکم متوقف می شود . | 3) با تقدیم دادخواست اعاده دادرسی و تکمیل دادخواست و ارجاع آن عملیات اجرایی در محکوم به مالی و غیرمالی متوقف می شود. | 4) در صورت صدور قرار قبولی اعاده دادرسی در محکوم به غیرمالی اجرای حکم متوقف و در محکوم به مالی با گرفتن تأمین از محکوم له ادامه می یابد.
38,آیین دادرسی مدنی,چنانچه خواهان در بخش هزینه دادرسی دادخواست ناقص تقدیم کند و در پی اخطار رفع نقص مدیر دفتر دادگاه، پس از یک ماه اقدام به رفع نقص نماید و مدیر دفتر از صدور قرار رد دادخواست خودداری و پرونده به گردش درآید و حکم صادر و پرونده در مرحله تجدید نظر برای رسیدگی به تجدیدنظر خواهی مطرح شود، در خصوص تکلیف دادگاه تجدید نظر کدام مورد صحیح است؟,1) دادگاه تجدید نظر دستور صدور اخطار رفع نقص به دفتر همین دادگاه می دهد. | 2) دادگاه تجدید نظر در این مورد اقدامی نمی نماید. | 3) دادگاه تجدید نظر قرار رد دادخواست نخستین صادر و حکم تجدیدنظر خواسته را فسخ می کند. | 4) دادگاه تجدید نظر پرونده را برای اتخاذ تصمیم مقتضی به دادگاه نخستین بر می گرداند.
39,آیین دادرسی مدنی,چنانچه میان دادگاه عمومی حقوقی و دادگاه کیفری دو از یک استان اختلاف در صلاحیت رخ دهد کدام مورد در خصوص مرجع حل اختلاف در صلاحیت صحیح است؟,1) شعبه کیفری دیوان عالی کشور | 2) دادگاه کیفری یک همان استان | 1) دادگاه تجدید نظر همان استان | 4) شعبه حقوقی دیوان عالی کشور
40,آیین دادرسی مدنی,دعوایی علیه سه نفر به اسامی شخص «الف» و شخص «ب» و شخص «ج» به خواسته 30 میلیارد ریال اقامه می شود. اخطار دعوت به اولین جلسه دادرسی و پیوست های احتمالی آن فقط به شخص «الف» ابلاغ واقعی و به دیگران ابلاغ قانونی می شود. در اولین جلسه دادرسی فقط شخص «ب» حاضر می شود و هیچ لایحهای واصل نمی شود. دادگاه در پایان همان جلسه اقدام به صدور حکم محکومیت «الف» و «ج» می نماید در خصوص توصیف حکم دادگاه به ترتیب نسبت به خواهان شخص «الف»، شخص «ب» و شخص «ج» کدام مورد صحیح است؟,1) حضوری – حضوری – حضوری – غیابی | 2) حضوری – حضوری –  غیابی  – غیابی | 3) حضوری – غیابی  –  غیابی  –  حضوری | 4) غیابی –  غیابی-  حضوری –  غیابی
41,حقوق تجارت,ضمانت اجرای عدم مطالبه باقیمانده مبلغ اسمی سهام در شرکت سهامی از سوی مدیران شرکت چیست؟,1) موجب ایجاد مسئولیت به جبران خسارت برای هیئت مدیره است. | 2) موجب ایجاد مسئولیت برای مدیر عامل در مطالبه باقیمانده مبلغ اسمی سهام است . | 3) از موجبات عزل هیئت مدیره است. | 4) از موجبات تعقیب کیفری هیئت مدیره است.
42,حقوق تجارت,در خصوص انتخاب یک شخص اصالتاً یا به نمایندگی از شخص حقوقی در ترکیب هیئت مدیره چند شرکت به طور همزمان، کدام مورد صحیح است؟,1) به عنوان عضو هیئت مدیره چند شرکت ممنوعیت ندارد ولی به عنوان مدیر عامل ممنوع است. | 2) فقط در شرکتهایی که تمام یا بخشی از سرمایه آن متعلق به دولت یا نهادها یا مؤسسات عمومی غیردولتی باشد، ممنوع است. | 3) در تمام شرکت ها ممنوع است. | 4) فقط در شرکتهای تعاونی ممنوع است.
43,حقوق تجارت,اگر پس از تقسیم و خاتمه ورشکستگی مالی متعلق به ورشکسته کشف شود، تکلیف اداره تصفیه و حکم قانونی آن چیست؟,1) در صورتی که مطالبات طلبکاران به طور کامل پرداخت نشده باشد اموال مذکور به فروش رسیده و بدون تشریفات بین طلبکاران تقسیم می شود. | 2) در صورتی که مطالبات طلبکاران به طور کامل پرداخت نشده باشد از طریق مزایده به فروش رسیده و حاصل فروش بین طلبکاران تقسیم می شود | 3) در هر حال، متعلق به ورشکسته است. | 4) پس از کسر هزینه های تصفیه به ورشکسته تحویل می شود.
44,حقوق تجارت,اثر ثبت نام اشخاص در دفتر ثبت تجاری چیست؟,1) به طور قطعی و غیر قابل انکار دلیل تاجر شناخته شدن شخص است. | 2) قاضی را مکلف به تاجر شناختن شخص و رد دعوی اعسار خواهد کرد. | 3) اماره ای بر تاجر بودن شخص ایجاد می کند. | 4) تأثیری در تاجر شناخته شدن شخص ندارد.
45,حقوق تجارت,کدام مورد در خصوص «اضافه ارزش سهام» که هنگام افزایش سرمایه شرکت سهامی دریافت می شود صحیح است؟,1) باید نقداً بین سهامداران شرکت تقسیم شود. | 2) باید به اندوخته اختیاری یا قانونی منتقل شود. | 3) باید به اندوخته قانونی منتقل شود. | 4) ممکن است به اندوخته اختیاری منتقل شود.
46,حقوق تجارت,در خصوص مسئولیت حقوقی دلالی که در نفس معامله منتفع میباشد و این موضوع را به طرف مقابل اطلاع نمیدهد. کدام مورد اصولاً صحیح است؟,1) مسئول خسارت وارده بوده و با آمر خود متضامناً مسئول اجرای تعهد است. | 2) مسئول خسارت وارده بوده و با آمر خود متساویاً مسئول اجرای تعهد است . | 3) فقط مسئول خسارت وارده است. | 4) با آمر خود، متضامناً مسئول اجرای تعهد است.
47,حقوق تجارت,مطابق مقررات قانون تجارت در خصوص مفقودی برات کدام یک از موارد زیر اصولاً نیازی به دادن ضامن و دخالت دادگاه ندارد؟,1) گم شدن براتی که قبول شده و در یک نسخه صادر شده است. | 2) گم شدن براتی که قبول نشده و در چند نسخه صادر شده است. | 3) گم شدن نسخه قبول شده براتی که در چند نسخه صادر شده است. | 4) گم شدن براتی که در یک نسخه صادر شده و قبول نشده است .
48,حقوق تجارت,در صورتی که به موجب تصمیم مجمع عمومی عادی شخصی که کارمند رسمی دولت است به عنوان عضو هیئت مدیره یک شرکت سهامی خصوصی انتخاب شود حکم قانونی آن چیست؟,1) هر ذی نفعی می تواند بطلان مصوبه مجمع عمومی ناظر به انتخاب چنین مدیری را از دادگاه درخواست کند. | 2) اگر مدیر مزبور در مدت یک ماه موافقت دستگاه متبوع را اخذ نکند و تعداد سهام لازم به عنوان وثیقه را به صندوق شرکت نسپارد مستعفی شناخته می شود. | 3) دادگاه به تقاضای هر ذی نفع حکم عزل این مدیر را صادر خواهد کرد . | 4) ضمانت اجرای قانونی آن صرفاً این است که یکی از اعضای علی البدل جایگزین وی می شود.
49,حقوق تجارت,در صورتی که مجمع عمومی عادی به طور فوق العاده شرکت سهامی، بازرس اصلی شرکت را بدون تعیین جانشین، عزل کند، حکم قانونی آن چیست؟,1) هر ذی نفعی می تواند ابطال تصمیم مجمع عمومی یاد شده را از دادگاه تقاضا کند. | 2) بازرس علی البدل به صورت اتوماتیک جانشین او می شود . | 3) در صورت وجود بازرس على البدل، مصوبه یادشده معتبر است و گرنه هر ذی نفعی می تواند ابطال تصمیم مجمع عمومی را از دادگاه تقاضا کند . | 4) فقط بازرس معزول می تواند ابطال تصمیم مجمع عمومی یادشده را از دادگاه تقاضا کند.
50,حقوق تجارت,کدام مورد در خصوص تبدیل شرکت تجاری موجود به نوع دیگر در حقوق موضوعه ایران، صحیح است؟,1) تبدیل شرکت تضامنی یا نسبی به شرکت با مسئولیت محدود مجاز نیست. | 2) صرفا تبدیل شرکتهایی که در قانون تجارت تصریح شده است مجاز است . | 3) در صورت تبدیل شرکت تضامنی به شرکت سهامی خاص مسئولیت شرکای شرکت در قبال طلبکاران زمان تبدیل کماکان تضامنی است | 4) تبدیل هر یک از شرکتهای تجاری به نوع دیگر منوط به موافقت تمامی شرکانت
51,حقوق تجارت,برای انتشار اعلامیه پذیره نویسی یک شرکت سهامی عام با سرمایه  20میلیارد ریال کدام یک از مستندات زیر ضرورت دارد؟,1) فقط اجازه انتشار اعلامیه پذیره نویسی توسط مرجع ثبت شرکتها و تسلیم آن به سازمان بورس و اوراق بهادار | 2) گواهی معافیت از ثبت نزد سازمان بورس و اوراق بهادار و اجازه انتشار اعلامیه پذیره نویسی توسط مرجع ثبت شرکتها | 3) موافقتنامه سازمان بورس و اوراق بهادار و اجازه انتشار اعلامیه پذیره نویسی توسط مرجع ثبت شرکت | 4) فقط اجازه انتشار اعلامیه پذیره نویسی توسط سازمان بورس و اوراق بهادار و تسلیم آن به مرجع ثبت شرکت ها
52,حقوق تجارت,کدام مورد در خصوص تأثیر متقابل ورشکستگی شرکت تجاری و شریک شرکت، صحیح است؟,1) ورشکستگی شریک شرکت تضامنی هیچ تاثیری در وضعیت قانونی شرکت نخواهد داشت. | 2) ورشکستگی شرکت سهامی به هیچ وجه عملاً منجر به ورشکستگی شریک آن نمی شود. | 3) در صورتی که شریک شرکت توان پرداخت دیون تادیه نشده شرکت تضامنی ورشکسته را نداشته باشد، لزوما حکم ورشکستگی وی صادر شود. | 4) ورشکستگی سهامدار شرکت سهامی عام هیچ تأثیری در وضعیت شرکت نداشته و امکان ورشکستگی شرکت به این دلیل منتفی است .
53,حقوق تجارت,در مبایعه نامه ای شرط شده است که چک شماره فلان بابت قسط آخر ثمن معامله پس از انتقال سند رسمی ملک به نام خریدار قابل مطالبه است در صورتی که چک در سررسید برگشت بخورد آیا صادر کننده می تواند در برابر دارنده چک به شرط مزبور استناد کند؟,1) در مقابل دارنده بلافصل، آری | 2) فقط در صورتی که چک انتقال یافته و دارنده از شرط مزبور آگاه باشد. | 3) در هر حال قابل استناد است. | 4) در هر حال قابل استناد نیست
54,حقوق تجارت,کدام مورد در خصوص احکام قانونی چک صحیح نیست؟,1) در صورتی که چک از طرف تاجر یا برای امور تجارتی صادر نشده باشد مزایای قانونی سند تجاری زایل نمی شود. | 2) انتقال چک صیادی که در وجه شخص معین صادر شده است نیازی به امضای ظهرنویس ندارد . | 3) در صورتی که دارنده چک را ظرف 6 ماه از تاریخ چک برگشت نزند حق رجوع به ضامن و ظهرنویسان چک را ندارد. | 4) در صورتی که چک از طرف تاجر یا برای امور تجارتی صادر نشده باشد مشمول مرور زمان 5  ساله ماده 318 ق.ت نیست .
55,حقوق تجارت,کدام مورد در خصوص چک صیادی که منجر به صدور گواهی عدم پرداخت شده صحیح نیست؟,1) دارنده می تواند با رعایت شرایط قانونی از دادگاه درخواست صدور اجرائیه کند . | 2) نسبت به چکهایی که مشروط باشد اجرائیه در دادگاه صادر نمی شود. | 3) موجودی تمامی حسابهای صادر کننده در هر بانکی که باشد معادل وجه چک مسدود می شود . | 4) خسارت تأخیر تأدیه از تاریخ سررسید و بر اساس شاخص ماهیانه قابل وصول است.
56,حقوق تجارت,کدام مورد در خصوص حکم ورشکستگی صحیح نیست؟,1) با صدور حکم ورشکستگی دعاوی انفرادی طلبکاران علیه ورشکسته غیر قابل استماع می شود . | 2) حکم ورشکستگی قطعی است و به طور موقت اجرا می شود | 3) حکم  ورشکستگی   نه  فقط نسبت به طلبکاران تاجر، بلکه نسبت به تمامی  اشخاصی  که با تاجر  رابطه معاملاتی  داشتهاند، مؤثر است | 4) تمامی عملیات اجرایی مربوط به وصول طلب بستانکاران در فاصله تاریخ توقیف و تاریخ صدور حکم، کان لم یکن می شود.
57,حقوق تجارت,کدام یک از اعمال حقوقی تاجر ورشکسته پس از صدور حکم ورشکستگی نافذ نیست؟,1) قرارداد استخدام و کار در یک شرکت خصوصی | 2) فروش اتومبیل متعلق به مولی علیه به نام وی | 3) واگذاری یک ساله حق انتفاع آپارتمان مسکونی به یکی از بستگان واجب النفقه تاجر ورشکسته | 4) قبول صلح بلاعوض منافع یک ساله آپارتمان مسکونی متعلق به برادر ورشکسته
58,حقوق تجارت,سند تجاری به مبلغ ده میلیون ریال صادر شده است و در ظهر آن مبلغ سند توسط صادر کننده تصحیح و مجدداً امضا شده است در این صورت کدام مبلغ مناط اعتبار است؟,1) اگر هر دو مبلغ به حروف باشد مبلغ کمتر مناط اعتبار است. | 2) اگر یک مبلغ به حروف و دیگری به عدد باشد مبلغ حروفی مناط اعتبار است. | 3) مبلغ مندرج در روی سند تجاری | 4) مبلغ مندرج در ظهر سند تجاری
59,حقوق تجارت,کدام مورد در خصوص گواهینامه موقت سهم، صحیح است؟,1) مادامی که شرکت سهامی به ثبت نرسیده باشد. شرکت باید به صاحبان سهام گواهینامه موقت بدهد. | 2) سند قابل معامله ای است که بیانگر تعداد سهام دارنده آن در شرکت است. | 3) در صورتی که مبلغ اسمی سهام تماماً پرداخت نشده باشد انتقال دهنده و انتقال گیرنده گواهینامه موقت سهام متضامناً مسئول پرداخت بقیه مبلغ اسمی آن خواهند بود. | 4) در صورتی که مبلغ اسمی سهام تماماً پرداخت نشده باشد انتقال دهنده و انتقال گیرنده گواهینامه موقت سهام مشترکاً مسئول پرداخت بقیه مبلغ اسمی آن خواهند بود.
60,حقوق تجارت,پس از انتشار صورت مطالبات تصدیق شده توسط اداره تصفیه طلبکاران چه اقدامی می توانند انجام دهند؟,1) ظرف 20 روز می توانند به رد طلب یا حق رجحان خود یا قبول طلب یا حق رجحان دیگری اعتراض کنند. | 2) ظرف 10 روز می توانند به رد طلب یا حق رجحان خود یا قبول طلب یا حق رجحان دیگری اعتراض کنند | 3) ظرف 10 روز می توانند فقط به رد طلب یا حق رجحان خود اعتراض کنند. | 4) ظرف 20 روز می توانند فقط به رد طلب یا حق رجحان خود اعتراض کنند.
81,حقوق جزا,یک فرانسوی در خاک آلمان امضای وزیر دادگستری ایران را جعل میکند و در آلمان از آن استفاده می کند وی در آلمان دستگیر و مجازات قانونی را تحمل می کند.حال کدام مورد در خصوص ایشان صحیح است؟,1) مجدداً در ایران قابل محاکمه است و صرفاً در تعیین مجازات تعزیری میزان محکومیت اجرا شده در آلمان محاسبه میشود. | 2) با توجه به محاکمه محکومیت و اجرای مجازات در آلمان امکان محاکمه مجدد و مجازات مضاعف وجود ندارد. | 3) صرفا در صورتی که در ایران یافت شود یا به ایران مسترد شود امکان محاکمه و محکومیت مجدد با احتساب مجازات   اجرا شده در  آلمان وجود  دارد. | 4) محاکمه و محکومیت مجدد بدون در نظر گرفتن و احتساب میزان محکومیت اجرا شده در آلمان، حتی به شکل غیابی امکان پذیر است.
82,حقوق جزا,سربازی در جبهه جنگ در حالی که در محاصره دشمن ،است برای اینکه بیسیم در اختیار وی و اطلاعات محرمانه درون آن به دست دشمن نیفتد بیسیم را تخریب میکند سرباز از چه دفاعی در مقابل جرم تخریب اموال نظامی در حقوق ایران میتواند استفاده کند؟,1) امر آمر قانونی | 2) اجبار | 3) اجرای قانون اهم | 4) دفاع مشروع
83,حقوق جزا,کدام جرایم زیر قابل گذشت محسوب میشوند؟,1) خیانت در امانت و سوء استفاده از سفید مهر | 2) کلاهبرداری زیر یک صد میلیون تومان و سرعت زیر بیست میلیون تومان | 3) توهین به زنان در معابر | 4) تمامی مصادیق جرایم جعل
84,حقوق جزا,جرم غیر عمد که باعث صدمه به شخصی شده به شخصی حقوقی منتسب است. کدام مجازاتها قابل اعمال بر شخص  حقوق ی است؟,1) تنها دیه و جزای نقدی | 2) شخص حقوقی برای جرایم غیر عمد مسئولیتی ندارد . | 3) تنها جزای نقدی | 4) دیه و انتشار حکم محکومیت
85,حقوق جزا,کدام مورد در خصوص مجازاتهای تکمیلی و تبعی، صحیح است؟,1) عفو خصوصی مجازات تبعی را زائل کرده ولی در مجازات تکمیلی بی تاثیر است | 2) مجازات تکمیلی بدون حداقل و دارای حداکثر میباشد اما میزان مجازات تبعی ثابت است. | 3) هر دو نوع مجازات قابل تخفیف هستند. | 4) هر دو نوع مجازات در همه جرایم قابل اعمال هستند.
86,حقوق جزا,کدام مجازات تعزیری زیر در مقام تخفیف قابل تبدیل به مجازات دیگر نیست؟,1) مصادره اموال | 2) محرومیت از حقوق اجتماعی | 3) حبس درجه 3 | 4) شلاق درجه 6
87,حقوق جزا,در صورت وجود سابقه محکومیت کیفری مؤثر فرد از کدام نهاد میتواند برخوردار شود؟,1) حکم به معافیت از کیفر | 2) تعلیق اجرای مجازات | 3) آزادی مشروط | 4) تعویق صدور حکم
88,حقوق جزا,در صورتی که مرتکب در مدت تعویق صدور حکم به دستورات دادگاه پایبندی کامل داشته باشد پس از پایان مدت کدام یک حسب مورد قابل صدور است؟,1) حکم به معافیت از کیفر | 2) پرونده بدون هیچ تصمیمی بایگانی می شود . | 3) قرار منع تعقیب | 4) قرار موقوفی
89,حقوق جزا,شخصی مرتکب جرم غیر عمد «الف» با کیفر  2 تا 10 سال حبس، جرایم عمدی «ب» با کیفر شش ماه حبس و «ج» با کیفر یک تا دو میلیون ریال جزای نقدی و «د» با مجازات تا 99 ضربه شلاق شده است، مجازات وی چگونه تعیین می شود؟,1) برای جرایم «ب»، «ج» و «د» به میانگین حداقل و حداکثر تا حداکثر مجازات رأی داده و جرم  الف  به جهت  غیر  عمد بودن مشمول تعدد نشده و به  حداقل  مجازات حکم  داده  میشود . | 2) برای جرم «الف» دادگاه حداقل مجازات را تشدید مینماید و برای جرایم «د» و «ب» میتواند حداکثر مجازات را تا یک ششم تشدید کرده و جرم «ج» مشمول تعدد جرم نمی شود . | 3) برای تمامی جرایم به حداکثر مجازات حکم داده و میتواند تا یک ششم حداکثر مجازات آنها را تشدید نماید. | 4) برای  جرایم «الف» «ب»  و «د»  به  حداکثر   مجازات حکم داده و برای جرم «ج» میتواند مجازات را تا یک‌ششم حداکثر تشدید نماید .
90,حقوق جزا,مجازات معاون در اسیدپاشی چه مقدار است؟,1) به حبس درجه 1 یا 2 محکوم می شود. | 2) مشابه مرتکب جرم مجازات میشود. | 3) به مجازات های خاص مقرر در قانون مجازات اسیدپاشی و حمایت از بزه دیدگان ناشی از آن محکوم می شود . | 4) طبق قواعد عمومی معاونت در قانون مجازات اسلامی مجازات میشود.
91,حقوق جزا,«الف» مبادرت به حفاری و کاوش به قصد به دست آوردن اموال تاریخی مینماید لیکن هیچ مال تاریخی به دست نمی آورد. وصف رفتار وی چیست؟,1) جرم نام حفاری و کاوش | 2) مرتکب جرم نشده است. | 3) جرم عقیم | 4) شروع به جرم
92,حقوق جزا,فردی   نسبت به پلاک  ثبت ی متعلق به منابع طبیع ی  درخواست آگه ی  ثبت ی  میکند کارمند ثبت به رغم اطلاع از  وضعیت  پلاک  ثبتی تصرفات مالکانه ایشان را تایید و  در فرایند انتشار آگه ی قرار  میدهد با طرح  شکایت  در مرجع قضای ی اعمال ارتکاب ی کارمند ثبت چه  وصف ی  دارد؟,1) مشمول وصف مجرمانه گزارش خلاف واقع است | 2) رفتار ارتکابی در حکم کلاهبرداری است | 3) در حکم جعل اسناد   رسم ی  است. | 4) فاقد وصف مجرمانه و صرفاً تخلف انتظامی است.
93,حقوق جزا,«الف» قصد کشتن «ب» را که محقون الدم است دارد. تیر «الف» کمانه کرده و به «ج» اصابت کرده و باعث قتل «ج» می شود. در دو فرضی که «ج» محقون الدم یا مهدورالدم باشد و با فرض اثبات این امور، کدام مورد در خصوص نوع  قتل صحیح است؟,1) اگر «ج» مهدورالدم باشد خونش هدر است و اگر محقون الدم باشد قتل عمدی محسوب می شود. | 2) در هر دو قرض فوق قتل شبه عمد محسوب می شود . | 3) در فرضی که «ج» مهدورالدم باشد قتل خطای محض و در فرض محقون الدم قتل شبه عمد محسوب میشود. | 4) اگر «ج» مهدورالدم ،باشد خونش هدر است و اگر محقون الدم ،باشد قتل شبه عمدی محسوب می شود.
94,حقوق جزا,«الف» بدافزاری تولید کرده که کارایی ظاهری آن ضبط صدا است ولیکن پس از نصب تمام اطلاعات سیستم رایانه ای قربانی برای «الف» ارسال میشود. در صورتی که پس از ارسال این بدافزار به «ب»، وی آن را نصب کرده و تمام اطلاعات سیستم «ب» به «الف» ارسال شود «الف» برای کدام جرم (جرایم) زیر قابل تعقیب است؟,1) تخریب و سرقت رایانه ای | 2) سرقت رایانه ای | 3) شنود غیر مجاز و سرقت رایانه ای | 4) شنود غیر مجاز
95,حقوق جزا,«الف» مبادرت به انعقاد قراردادی برای انجام کاری با «ب» مینماید و مبلغ یک میلیارد تومان بیعانه اخذ میکند. لیکن به عمد و با وجود توانایی از انجام کار سرباز میزند در صورتی که «ب» اظهارنامه برای عودت پول به «الف» بدهد ولیکن «الف» با یک میلیارد مذکور دو ماشین خریداری نماید وی مرتکب چه جرمی (جرایمی) شده است؟,1) تحصیل مال به طریق نامشروع و پولشویی | 2) هیچ گونه جرمی مرتکب نشده است. | 3) پولشویی | 4) خیانت در امانت
96,حقوق جزا,قاضی دادگاه در جلسه رسیدگی از کارشناس رسمی دادگستری برای رفع ابهام میزان خسارت وارده را پرسش می کند. کارشناس میزان خسارت را 100 میلیون تومان اعلام ولی قاضی به عمد در صورت جلسه  500 میلیون تومان درج میکند قاضی تحت چه عنوانی قابل تعقیب است؟,1) جعل مفادی | 2) گزارش خلاف واقع | 3) جعل مادی اسناد رسمی | 4) اساساً مرتکب جرم نشده و صرفاً تخلف انتظامی است.
97,حقوق جزا,بر کدام یک از اشخاص زیر مجازات کلاهبرداری اعمال نمی شود؟,1) اشخاصی که با یکدیگر برای بردن مال غیر تبانی کرده و بر همدیگر اقامه دعوی کنند . | 2) شخصی که منافع ملک خود را پس از اجاره به دیگری منتقل میکند | 3) شخصی که با توسل به شیوههای متقلبانه مبادرت به دریافت دسته چک غیر متناسب با اوضاع مالی و اعتباری خود کرده است. | 4) شخصی که به عنوان ثالث وارد دعوایی شده و این اقدام ناشی از تبانی با یکی از اصحاب دعوی برای بردن مال طرف دیگر باشد.
98,حقوق جزا,آقای «الف» نماینده قانونی شرکت »ب« به جهت تسهیل در اخذ وام دولتی مرتکب رشا با مجازات تعزیری درجه 3 میشود اما در حین رسیدگی نسبت به عملکرد خود احساس ندامت و پشیمانی کرده و توبه می کند. قاضی ندامت و اصلاح را در وی احراز می نماید. وضعیت تعیین کیفر نسبت به مرتکب و شخص حقوقی به چه نحو خواهد بود؟,1) دادگاه میتواند با احراز پشیمانی و توبه نماینده قانونی مجازات شخص حقیقی و حقوقی را به صورت توامان تخفیف دهد . | 2) در قلمرو جرایم علیه آسایش عمومی اساساً قابلیت استناد به توبه وجود ندارد. | 3) دادگاه مکلف است با احراز پشیمانی و توبه نماینده قانونی مجازات شخص حقیقی و حقوقی را به صورت توامان تخفیف دهد. | 4) دادگاه میتواند فقط مجازات شخص حقیقی را تخفیف دهد و در مورد شخص حقوقی به جهت توبه از چنین اختیاری برخوردار نیست.
99,حقوق جزا,پسر شانزده ساله ای مرتکب جرم ضرب و جرح عمدی با مجازات تعزیری درجه  6 شده است. دادگاه مجازات تعزیری او را برای یک سال معلق می کند در 17 سالگی مرتکب جرم رانندگی بدون پروانه با مجازات تعزیری درجه  6 می شود. کدام مورد زیر صحیح است؟,1) امکان تخفیف مجازات جرم دوم وجود ندارد ولیکن مشمول تکرار جرم نیز نمی شود . | 2) امکان صدور قرار تعویق صدور حکم وجود دارد. | 3) شخص به حداکثر مجازات مقرر برای جرم دوم که نسبت به توجوانان قابل اعمال است محکوم می شود. | 4) به دلیل تکرار و عدم انقضای یک سال امکان بهره از نهادهای ارفاقی در چنین وضعیتی وجود ندارد.
100,حقوق جزا,مردی با جعل سند ملک همسر خود را به عنوان مال خود معرفی و این سند مجعول را به پسر خود که با مشاهده سند تصور میکند ملک متعلق به پدرش است میفروشد و مبلغ یک میلیارد تومان دریافت می کند. رفتار پدر مشمول کدام مورد است؟,1) اقدامات پدر نسبت به مال فرزند و برای فرزند فاقد وصف کیفری است | 2) مجموع اعمال ارتکابی مشمول عنوان مجرمانه تحصیل مال از طریق نامشروع است. | 3) تعدد معنوی | 4) تعدد مادی
101,آیین دادرسی کیفری,رسیدگی به جرم قتل غیر عمدی ناشی از تصادفات رانندگی و صدور حکم در خصوص این جرم در صلاحیت کدام دادگاه است؟,1) دادگاه صلح | 2) دادگاه کیفری دو | 3) دادگاه کیفری یک | 4) شورای حل اختلاف
102,آیین دادرسی کیفری,کدام مورد در خصوص آرای اصداری راجع به جنبه عمومی جرایم غیر عمدی ناشی از کار، صحیح است؟,1) صرفاً در صورتی که مجازات قانونی آن تعزیر درجه هشت باشد قطعی است. | 2) در صورتی که مجازات قانونی آن تعزیر درجه شش یا بیشتر باشد، قابل تجدید نظر است. | 3) مطلقاً قابل تجدید نظر است. | 4) قطعی و غیر قابل تجدید نظر است.
103,آیین دادرسی کیفری,در کدام یک از جرایم زیر امکان جلب مطلق و بدون شرط متهم پرونده بدون ارسال احضاریه وجود ندارد؟,1) جرایم مستوجب سلب حیات | 2) جرایم مستوجب حبس ابد | 3) جرایمی که مجازات قانونی آنها قطع عضو است. | 4) جرایم مستوجب تعزیر درجه دو و سه
104,آیین دادرسی کیفری,مرجع حل اختلاف در صلاحیت بین دادگاه کیفری دو و دادگاه حقوقی واقع در حوزه قضایی یک استان کدام مرجع  قضایی است؟,1) دادگاه تجدیدنظر استان | 2) اساساً اختلاف در صلاحیت در فرض پرسش محقق نیست | 3) دیوان عالی کشور | 4) حسب مورد دیوان عالی کشور یا دادگاه تجدیدنظر استان
105,آیین دادرسی کیفری,چنانچه ضابط دادگستری فاقد کارت ویژه ضابطان در ارتباط با جرایم مشهود یا در راستای اجرای دستور مقام قضایی و در مقام ضابط مرتکب جرم شود رسیدگی به جرم ارتکابی در صلاحیت کدام مرجع قضایی است؟,1) حسب مورد دادگاه کیفری یا دادگاه بخش | 2) حسب مورد دادگاه نظامی یک یا دو | 3) دادگاه نظامی یک | 4) دادگاه نظامی دو
106,آیین دادرسی کیفری,در جرایم غیر قابل گذشت چنانچه پس از صدور کیفرخواست و قبل از ارسال به دادگاه، شاکی گذشت قطعی خود را اعلام کند دادستان کدام اقدام زیر را میتواند انجام دهد؟,1) صدور قرار تعلیق تعقیب متهم در صورت وجود شرایط قانونی الزامی است. | 2) ضمن عدول از کیفرخواست قرار موقوفی تعقیب متهم را صادر میکند | 3) در صورت فراهم بودن شرایط ،قانونی امکان عدول از کیفر خواست و صدور قرار تعلیق تعقیب متهم را دارد. | 4) امکان عدول از کیفرخواست قبلی و صدور قرار تعلیق تعقیب متهم را ندارد .
107,آیین دادرسی کیفری,کدام مورد در خصوص تبعیت دادگاه رسیدگی کننده به امور حقوقی یا ضرر و زیان ناشی از جرم از رأی دادگاه کیفری  صحیح  است؟,1) چنانچه رأی دادگاه کیفری قطعی باشد لازم الاتباع است. | 2) چنانچه رای ،کیفری قطعی و مؤثر در ماهیت امر حقوقی باشد لازم الاتباع است. | 3) لازم الاتباع نیست. | 4) مطلقاً لازم الاتباع است.
108,آیین دادرسی کیفری,در کدام یک از جرایم مشهود زیر در صورت عدم حضور ضابطان دادگستری شهروندان نمی توانند اقدامات لازم را  برای جلوگیری از قرار  متهم و  حفظ  صحنه جرم انجام  دهند؟,1) جرایم موجب مجازات قطع عضو | 2) جنایت عمدی علیه تمامیت جسمانی با میزان نصف دیه کامل یا بیش از آن | 3) جرایم موجب تعزیر درجه سه | 4) جرایم سیاسی و مطبوعاتی
109,آیین دادرسی کیفری,کدام یک از قرارهای دادیار باید در همان روز صدور به نظر دادستان برسد؟,1) صرفاً قرار بازداشت موقت متهم | 2) صرفاً قرارهای نهایی دادیار | 3) قرارهای نهایی دادیار و قرار تأمین منتهی به بازداشت متهم | 4) فقط قرار تأمین منتهی به بازداشت متهم
110,آیین دادرسی کیفری,ضبط اموال یا اشیا از اختیارات کدام مرجع قضایی است؟,1) دادگاه | 2) حسب مورد بازپرس یا دادستان یا دادگاه | 3) بازپرس | 4) دادستان
111,آیین دادرسی کیفری,اگر دختر 15 سالهای مرتکب جرم تعزیری درجه سه در صلاحیت ذاتی دادگاه انقلاب شود جهت رسیدگی به جرم  ارتکابی کدام دادگاه صالح است؟,1) دادگاه اطفال و نوجوانان | 2) دادگاه کیفری یک ویژه رسیدگی به جرایم نوجوانان | 3) دادگاه انقلاب دادگاه کیفری دو
112,آیین دادرسی کیفری,کدام مورد در خصوص قرار عدم صلاحیت اصداری از دادگاه کیفری یک صحیح است؟,1) از نظر شاکی یا مدعی خصوصی قابل تجدید نظر است. | 2) از سوی دادستان و شاکی یا مدعی خصوصی قابل تجدید نظر است. | 3) قطعی و غیر قابل تجدید نظر است | 4) صرفاً از ناحیه دادستان قابل تجدیدنظر است.
113,آیین دادرسی کیفری,ابتلای به جنون محکوم علیه در جرایم تعزیری پس از صدور حکم قطعی چه تأثیری بر اجرای حکم دارد؟,1) تا زمان افاقه اجرای حکم به تعویق می افتد | 2) اجرای حکم موقوف میشود. | 3) اجرای حکم موقوف میشود و قاضی اجرای احکام کیفری قرار موقوفی تعقیب صادر  میکند. | 4) اجرای حکم موقوف میشود و قاضی صادر کننده حکم قرار موقوفی تعقیب صادر میکند.
114,آیین دادرسی کیفری,تعیین وکیل تسخیری برای اطفال و نوجوانان در کدام یک از جرایم الزامی نیست؟,1) تنها در جرایم تعزیری درجه 8 | 2) در تمامی جرایم الزامی است . | 3) در جرایم تعزیری درجه  7  و  8 و در جرایم مستلزم پرداخت دیه یا ارش به میزان خمس دیه کامل یا کمتر از آن | 4) در جرایم تعزیری درجه 7 و 8  و در جرایم مستلزم پرداخت دیه یا ارش به میزان نصف دیه کامل یا کمتر از آن
115,آیین دادرسی کیفری,کدام مورد در خصوص صدور قرار کفالت و وثیقه در جرایم غیر عمدی، صحیح است؟,1) در صورتی که به تشخیص مقام قضایی تضمین حقوق بزه دیده به طریق دیگر امکان پذیر باشد فقط صدور قرار وثیقه جایز نیست. | 2) در صورتی که به تشخیص مقام قضایی تضمین حقوق بزه دیده به طریق دیگر امکان پذیر باشد، صدور قرار کفالت و وثیقه جایز نیست. | 3) صدور قرار کفالت و وثیقه جایز نیست. | 4) صدور قرار کفالت جایز است ولی صدور قرار وثیقه جایز نیست .
116,آیین دادرسی کیفری,در کدام یک از جرایم تعزیری زیر در صورت ارائه تضمین لازم برای جبران خسارات وارده مقام قضایی میتواند فقط به صدور قرار نظارت قضایی اکتفا کند؟,1) جرایم تعزیری درجه 7 ،6 و 8 | 2) فقط در جرایم تعزیری درجه 8 | 3) جرایم تعزیری درجه 6 و 7 | 4) جرایم تعزیری درجه  7 و 8
117,آیین دادرسی کیفری,کدام مورد در خصوص سوگند به عنوان یکی از ادله اثبات در امور کیفری، صحیح نیست؟,1) وکیل نمی تواند به جای موکل سوگند یاد کند حتی اگر در وکالت نامه چنین اختیاری داشته باشد. | 2) وکیل در دعوی در صورتی میتواند طرف دعوا را سوگند دهد که در وکالت نامه تصریح شده باشد. | 3) تقاضای سوگند قابل توکیل نیست. | 4) در حق الناس سوگند منوط به مطالبه صاحب حق است.
118,آیین دادرسی کیفری,اگر فردی در کرج متهم به ارتکاب جرم تعزیری درجه دو شود و پس از رسیدگی و صدور حکم در دادگاه کیفری یک کرج وکیل متهم اقدام به فرجام خواهی نماید و شعبه دیوان عالی کشور به یکی از جهات قانونی متهم را قابل تعقیب نداند چه تصمیمی اتخاذ میشود؟,1) پس از نقض رأی، پرونده به دادگاه هم عرضی دادگاه کیفری یک کرج ارجاع میشود . | 2) رأی صادر شده نقض بلا ارجاع میشود. | 3) شعبه دیوان عالی کشور رأی صادر شده را نقض نموده و حکم برائت متهم را صادر میکند . | 4) پرونده برای رسیدگی و صدور حکم برانت به دادگاه کیفری یک کرج ارجاع میشود .
119,آیین دادرسی کیفری,در مورد احکام قطعی راجع به حقوق عامه و دعاوی مربوط به دولت امور خیریه و اوقاف عامه و امور محجورین و غایب مفقود الاثر بی سرپرست در چه صورتی دادستان کل کشور مراتب را جهت اعمال ماده  477 قانون آیین دادرسی کیفری به رئیس قوه قضاییه اعلام می کند؟,1) صرفاً در مواردی که حکم مذکور را خلاف شرع بین تشخیص دهد. | 2) فقط در صورتی که حکم مذکور را خلاف قانون تشخیص دهد. | 3) چنین اختیار یا تکلیفی در قانون برای دادستان کل کشور پیش بینی نشده است. | 4) در صورتی که حکم مذکور را خلاف شرع بین یا قانون تشخیص دهد.
120,آیین دادرسی کیفری,کدام مورد با آرای وحدت رویه هیئت عمومی دیوان عالی کشور و مقررات قانونی مطابقت ندارد؟,1) تعیین مجازات حبس بیش از حداقل مجازات مقرر در قانون بدون ذکر علت صدور حکم از موجبات اعاده دادرسی است. | 2) در جرایم قابل گذشت تا زمان گذشت شاکی حق تجدید نظرخواهی دادستان نسبت به حکم برانت متهم باقی است. | 3) قاضی ملزم به تبعیت از نظر هیئت منصفه مبنی بر بیگناهی متهم است. | 4) صرف شکایت کیفری از قاضی رسیدگی کننده به پرونده از موجبات رد دادرس نیست
121,حقوق اساسی,به موجب قانون اساس ی ابتکار بودجه کل کشور با کدام مرجع است؟,1) دیوان محاسبات کشور | 2) دولت | 3) وزارت امور اقتصادی و دارایی | 4) مجلس شورای اسلامی
122,حقوق اساسی,در قانون اساسی از کدام مورد به عنوان یکی از مصادیق انفال و ثروتهای عمومی یاد شده است؟,1) مراتعی که در حریم قرار دارد. | 2) اموال دولتی که از غاصبین مسترد میشود . | 3) معابر عمومی | 4) نیزارها و بیشه های طبیعی
123,حقوق اساسی,طبق قانون اساسی اعمال کدام صلاحیت رئیس قوه قضائیه پس از مشورت امکان پذیر است؟,1) تفویض اختیارات تام مالی و اداری به وزیر دادگستری | 2) تفویض اختیارات استخدامی غیر قضات به وزیر دادگستری | 3) تغییر سمت یا محل خدمت قاض ی | 4) ایجاد تشکیلات لازم در دادگستری
124,حقوق اساسی,به موجب قانون اساسی رسیدگی به کدام دعاوی زیر باید به صورت خارج از نوبت انجام گیرد؟,1) اعتراض به انحلال شوراهای محلی در صورت انحراف از وظایف قانون ی | 2) دعاوی مربوط به جرایم موضوع اصل 49  قانون اساسی (ثروت های نامشروع) | 3) اتهامات رئیس جمهور و معاونان وی در مورد جرایم عادی | 4) جرایمی که نظامیان در مقام ضابط دادگستری مرتکب شوند.
125,حقوق اساسی,در قانون اساسی به کدام یک از اصول حاکم بر رسیدگیهای قضایی تصریح شده است؟,1) علنی بودن | 2) دو درجه ای بودن | 3) بی طرفی | 4) تناظر
126,حقوق اساسی,«منع تبذیر» ذیل ضوابط حاکم بر کدام یک از شئون نظام جمهوری اسلامی در قانون اساسی مورد اشاره قرار گرفته است؟,1) سیاست خارجی | 2) اقتصاد | 3) امنیت ملی | 4) فرهنگ
127,حقوق اساسی,کدام مورد در خصوص تفویض اختیار قانونگذاری از سوی مجلس شورای اسلامی، صحیح است؟,1) مجلس می تواند تصویب دائمی قوانین آزمایشی را به کمیسیونهای داخلی مجلس تفویض کند . | 2) تشخیص عدم مغایرت اساسنامه های مصوب کمیسیونهای داخلی مجلس با قوانین با رئیس مجلس است. | 3) تشخیص عدم مغایرت اساسنامه های مصوب دولت با قوانین با رئیس مجلس است. | 4) مجلس صرفاً می تواند تصویب دائمی اساسنامه سازمانهای دولتی را به دولت تفویض کند .
128,حقوق اساسی,در قانون اساسی کدام آزادی مشروط به رعایت حقوق دیگران شده است؟,1) آزادی عقیده | 2) آزادی اجتماعات | 3) آزادی بیان | 4) آزادی انتخاب شغل
129,حقوق اساسی,بنا به تصریح قانون اساس ی مصوبات کدام مرجع نباید با متن و روح قانون مغایرت داشته باشد؟,1) شورای عالی امنیت ملی | 2) شوراهای فرعی شورای عالی امنیت ملی | 3) شوراهای محلی | 4) هیئت وزیران
130,حقوق اساسی,در قانون اساسی بر ممنوعیت تبعیض در کدام مورد زیر تصریح شده است؟,1) داشتن مسکن متناسب با نیاز | 2) بهره برداری از منابع طبیعی | 3) برخورداری از آموزش و بهداشت عمومی | 4) استفاده از انقال و ثروت های عمومی
131,حقوق اساسی,بنا به تصریح قانون اساسی سلب کدام یک از حقوق زیر به درخواست خود شخص ذی حق امکان پذیر دانسته شده است؟,1) حق تابعیت | 2) حق داشتن وکیل | 3) حق دادخواهی | 4) حق آموزش رایگان
132,حقوق اساسی,کدام مورد از ابعاد حق دادخواهی در قانون اساسی به شمار نمی آید؟,1) در دسترس بودن دادگاه | 2) حق رجوع به دادگاه های صلاحیت دار | 3) دو درجه ای بودن رسیدگی | 4) ممنوعیت اجبار افراد به عدم مراجعه به دادگاه صلاحیت دار
133,حقوق اساسی,شهروندی که از مصوبه دولت متضرر شده و آن را خلاف قانون میداند همزمان نسبت به مصوبه مذکور در کمیسیون اصل 90 قانون اساسی و دیوان عدالت اداری طرح شکایت میکند کدام مورد در خصوص این اقدام، صحیح است؟,1) در چنین مواردی در چارچوب اصل 138 قانون اساسی مرجع صلاحیت دار از سوی رئیس مجلس شورای اسلامی تعیین میشود. | 2) هر دو مرجع مکلف به رسیدگی به این شکایت هستند. | 3) کمیسیون اصل 90 تا زمان صدور رأی از سوی دیوان عدالت اداری با موافقت رئیس مجلس شورای اسلامی رسیدگی به موضوع را متوقف می کند | 4) دیوان عدالت اداری با صدور قرار توقف رسیدگی هرگونه تصمیم گیری در این خصوص را منوط به نتیجه رسیدگی کمیسیون اصل 90 می نماید.
134,حقوق اساسی,کدام مورد در خصوص اعمال قوه مقننه صحیح است؟,1) اعمال قوه مقننه در مسائل بسیار مهم سیاسی و اقتصادی و فرهنگی لزوماً از طریق همه پرسی است. | 2) اعمال قوه مقننه صرفاً از طریق مجلس شورای اسلامی است. | 3) اعمال قوه مقننه در جمهوری اسلامی ایران از طریق مجلس شورای اسلامی و مجمع تشخیص مصلحت نظام است. | 4) در مسائل بسیار مهم سیاسی و اقتصادی و فرهنگی اعمال قوه مقننه از راه همه پرسی نیز ممکن است.
135,حقوق اساسی,به موجب قانون اساسی کدام مورد ضرورتاً نیاز به تصویب مجلس شورای اسلامی ندارد؟,1) صلح دعاوی مربوط به اموال دولتی | 2) دادن وام و کمکهای بدون عوض خارجی | 3) هرگونه تغییر در خطوط مرزی | 4) الحاق به مقاوله نامه های بینالمللی
136,حقوق اساسی,کارمند شرکت دولتی در ایامی که در مرخصی بدون حقوق به سر میبرد به عنوان مدیر عامل یک شرکت خصوصی مشغول به کار می شود. اقدام مزبور چه حکمی دارد؟,1) کارمندان شرکتهای دولتی تابع مقررات استخدامی خاص خود هستند و اساساً مشمول ممنوعیت جمع مشاغل نمیشوند. | 2) صرفاً در صورتی که دولت درصدی از سهام شرکت خصوصی را داشته باشد عمل وی مشمول ممنوعیت جمع   مشاغل  نمی شود. | 3) مشمول عنوان جمع مشاغل و ممنوع است. | 4) با توجه به عدم دریافت حقوق در مدت مرخصی مشمول ممنوعیت جمع مشاغل نیست.
137,حقوق اساسی,شرکتی با اختراع یک دستگاه و فروش عمده آن به کارخانجات خودروسازی موجب بیکار شدن تعداد زیادی از کارگران کارخانجات مزبور می.شود کدام مورد در خصوص اقدام مذکور، صحیح است؟,1) این اقدام مغایر اصل 40  قانون اساسی دایر بر ممنوعیت اضرار به غیر به واسطه اعمال حق خویش است. | 2) با توجه به شناسایی آزادی کسب و کار در صدر اصل 28  قانون اساسی ایراد قانونی بر آن مترتب  نیست. | 3) عمل مذکور از مصادیق ذیل اصل 46 قانون اساسی مبنی بر ممنوعیت سلب کسب و کار از دیگری به بهانه مالکیت   نسبت  به کسب و  کار خود است . | 4) اقدام شرکت بر اساس اصل 28  قانون اساسی که آزادی اشتغال را محدود به مصالح عمومی می داند مغایر قانون اساسی است.
138,حقوق اساسی,چنانچه مجلس شورای اسلامی طی مصوبه ای تعیین تکلیف استخدام کارشناسان خارجی در وزارت نیرو را در طول برنامه پنج ساله هفتم پیشرفت به هیئت وزیران واگذار نماید مصوبه مزبور چه حکمی دارد؟,1) مطابق قانون اساسی است چرا که دولت می تواند در خصوص استخدام کارشناسان خارجی برای مدت موقتی که   مجلس تعیین می  کند  تعیین  تکلیف  نماید. | 2) مطابق قانون اساسی است چرا که دولت می تواند در خصوص استخدام کارشناسان خارجی برای دستگاه خاصی که مجلس تعیین می کند تعیین تکلیف نماید. | 3) مغایر قانون اساسی است و هرگونه استخدام کارشناس خارجی از طرف دولت صرفاً در موارد ضرورت باید با تصویب  مجلس باشد. | 4) اطلاق آن، مغایر قانون اساسی است و استخدام کارشناس خارجی از طرف دولت صرفاً در موارد ضرورت با تصویب هیئت دولت امکان پذیر است.
139,حقوق اساسی,شورای اسلامی شهری اقدام به وضع مصوبه ای کرده و به موجب آن هرگونه استخدام در شورا و شهرداری را منوط به استخدام از بین افراد بومی آن شهر نموده است. وظیفه فرماندار شهرستان مربوطه در قبال این مصوبه چیست؟,1) با توجه به عدم ارتباط مصوبه با حدود اختیارات شورا مغایرت آن با قوانین و مقررات را به هیئت تطبیق مصوبات شهر و شهرستان اعلام نماید | 2) به موجب قانون اساسی فرمانداران و سایر مقامات کشوری که از طرف دولت تعیین می شوند در هر حال، ملزم به رعایت تصمیمات شوراها هستند. | 3) به موجب قانون اساسی فرماندار مادامی که مصوبه مزبور از سوی دیوان عدالت اداری ابطال نشده باشد، ملزم به رعایت آن است. | 4) فرماندار مادامی که مغایرت مصوبه با حدود اختیارات شوراها از سوی شورای عالی استانها تأیید نشود ملزم به رعایت آن است .
140,حقوق اساسی,در قانون اساسی به تعیین تکلیف کدام یک از امور مربوط به هیئت منصفه در جرایم سیاسی و مطبوعاتی در قانون  تصریح  نشده است؟,1) شرایط هیئت منصفه | 2) اختیارات هیئت منصفه | 3) نحوه انتخاب هیئت منصفه | 4) نحوه نظارت بر هیئت منصفه
